msg_id,timestamp_raw,timestamp_et,date_et,time_et,hour_et,minute_et,day_of_week,has_image,image_file,text,msg_type,spx_levels,main_level,stop_level,below_level,above_level,is_hero,has_hourly_stop,has_daily_stop,is_scalper,source_file,spy_at_alert,spx_approx_at_alert,otm_pct,distance_from_level,spx_above_level,option_strike_used,option_ticker,option_price_at_alert,option_price_eod,option_max_after_alert,option_min_after_alert,option_pct_gain_max,option_pct_loss_max,is_winner,is_loser,time_to_max_minutes
28786,02.01.2026 22:56:00 UTC+03:00,2026-01-02 14:56:00,2026-01-02,14:56,14,56,Friday,True,photos/photo_20587@02-01-2026_22-56-00.jpg,$SPX PUT HERO ⚡️,SPX_PUT_HERO,,,,,,True,False,False,False,telegram_data/messages.html,,,,,,,,,,,,,,,,
28808,05.01.2026 12:34:24 UTC+03:00,2026-01-05 04:34:24,2026-01-05,04:34,4,34,Monday,True,photos/photo_20595@05-01-2026_12-34-24.jpg,#US500 ⚡️ ادنى نقاط 6920-6900 ضارب PUT⛔️,SPX_PUT_ALERT,"6920,6900",6920.0,,,,False,False,False,False,telegram_data/messages.html,684.49,6844.9,-1.097,-75.1,False,6920.0,O:SPXW260105P06920000,24.42,17.9,31.4,5.3,28.6,-78.3,False,True,295.6
28809,05.01.2026 18:03:09 UTC+03:00,2026-01-05 10:03:09,2026-01-05,10:03,10,3,Monday,True,photos/photo_20596@05-01-2026_18-03-09.jpg,$SPX ⚡️ PUT HERO ⚡️ STOP 🛑 6920 ❌ اغلاق ساعة ⛔️,SPX_PUT_HERO,6920,6920.0,6920.0,,,True,True,False,False,telegram_data/messages.html,687.5268,6875.268,-0.651,-44.7,False,6920.0,O:SPXW260105P06920000,19.9,17.9,23.63,5.3,18.7,-73.4,False,True,3.85
28815,06.01.2026 18:20:49 UTC+03:00,2026-01-06 10:20:49,2026-01-06,10:20,10,20,Tuesday,True,photos/photo_20600@06-01-2026_18-20-49.jpg,$SPX PUT HERO ⚡️,SPX_PUT_HERO,,,,,,True,False,False,False,telegram_data/messages.html,,,,,,,,,,,,,,,,
28822,06.01.2026 20:42:15 UTC+03:00,2026-01-06 12:42:15,2026-01-06,12:42,12,42,Tuesday,True,photos/photo_20607@06-01-2026_20-42-15.jpg,$SPX PUT HERO ⚡️ أدنى:  6950-6945 مناسب البوت⛔️,SPX_PUT_HERO,"6950,6945",6950.0,,6950.0,,True,False,False,False,telegram_data/messages.html,690.7851,6907.851000000001,-0.61,-42.1,False,6950.0,O:SPXW260106P06950000,18.3,4.4,19.0,2.1,3.8,-88.5,False,True,24.75
28845,07.01.2026 17:51:28 UTC+03:00,2026-01-07 09:51:28,2026-01-07,09:51,9,51,Wednesday,True,photos/photo_20629@07-01-2026_17-51-28.jpg,$SPX PUT HERO ⚡️ STOP 🛑 6960 ⛔️ ( اغلاق ساعة ),SPX_PUT_HERO,6960,6960.0,6960.0,,,True,True,False,False,telegram_data/messages.html,692.415,6924.15,-0.518,-35.9,False,6960.0,O:SPXW260107P06960000,14.6,37.5,40.42,3.41,176.8,-76.6,True,True,364.53333333333336
28889,08.01.2026 18:24:14 UTC+03:00,2026-01-08 10:24:14,2026-01-08,10:24,10,24,Thursday,True,photos/photo_20673@08-01-2026_18-24-14.jpg,$SPX PUT HERO ⚡️ مناسب لمضارب البوت أدنى 6937 ⛔️,SPX_PUT_HERO,6937,6937.0,,6937.0,,True,False,False,True,telegram_data/messages.html,689.74,6897.4,-0.574,-39.6,False,,,,,,,,,,,
28893,08.01.2026 19:53:21 UTC+03:00,2026-01-08 11:53:21,2026-01-08,11:53,11,53,Thursday,True,photos/photo_20677@08-01-2026_19-53-21.jpg,$SPX PUT HERO ⚡️ للمضارب مره أخرى ادنى 6937⛔️,SPX_PUT_HERO,6937,6937.0,,6937.0,,True,False,False,True,telegram_data/messages.html,689.22,6892.200000000001,-0.65,-44.8,False,,,,,,,,,,,
28899,09.01.2026 17:46:45 UTC+03:00,2026-01-09 09:46:45,2026-01-09,09:46,9,46,Friday,True,photos/photo_20680@09-01-2026_17-46-45.jpg,$SPX PUT HERO ⚡️ ⛔️مناسب ادنى 6965-6955 ⛔️,SPX_PUT_HERO,"6965,6955",6965.0,,6965.0,,True,False,False,False,telegram_data/messages.html,691.65,6916.5,-0.701,-48.5,False,6965.0,O:SPXW260109P06965000,30.2,0.05,46.0,0.03,52.3,-99.9,True,True,22.25
28900,09.01.2026 17:58:48 UTC+03:00,2026-01-09 09:58:48,2026-01-09,09:58,9,58,Friday,True,photos/photo_20681@09-01-2026_17-58-48.jpg,$SPX | ⚡️ #تحديث ⚡️ كسر 6930-6920 (PUT)❤️ وبكل اختصار اغلاق ساعة ⬇️ ادنى 6930 البوت سريع 🩸,SPX_PUT_ALERT,"6930,6920,6930",6930.0,,6930.0,,False,True,False,False,telegram_data/messages.html,691.51,6915.1,-0.215,-14.9,False,6930.0,O:SPXW260109P06930000,13.91,0.05,20.85,0.03,49.9,-99.8,False,True,9.2
28904,09.01.2026 18:39:02 UTC+03:00,2026-01-09 10:39:02,2026-01-09,10:39,10,39,Friday,True,photos/photo_20684@09-01-2026_18-39-02.jpg,$SPX PUT HERO ⚡️ STOP 🛑 6965 ( 1H ),SPX_PUT_HERO,6965,6965.0,6965.0,,,True,True,False,False,telegram_data/messages.html,692.7627,6927.627,-0.539,-37.4,False,6965.0,O:SPXW260109P06965000,18.9,0.05,28.13,0.03,48.8,-99.8,False,True,5.966666666666667
28905,09.01.2026 20:11:43 UTC+03:00,2026-01-09 12:11:43,2026-01-09,12:11,12,11,Friday,True,photos/photo_20685@09-01-2026_20-11-43.jpg,$SPX PUT HERO | مضاربي⚡️ ⛔️اغلاق الساعة القادمة ⛔️ اعلى نقطة 6965 ❌,SPX_PUT_HERO,6965,6965.0,,,,True,True,False,True,telegram_data/messages.html,693.93,6939.299999999999,-0.37,-25.7,False,6965.0,O:SPXW260109P06965000,6.94,0.05,9.0,0.03,29.7,-99.6,False,True,74.28333333333333
28914,09.01.2026 21:01:22 UTC+03:00,2026-01-09 13:01:22,2026-01-09,13:01,13,1,Friday,True,photos/photo_20694@09-01-2026_21-01-22.jpg,$SPX (W) PUT HERO | اليوم⚡️,SPX_PUT_HERO,,,,,,True,False,False,False,telegram_data/messages.html,,,,,,,,,,,,,,,,
28915,09.01.2026 21:01:22 UTC+03:00,2026-01-09 13:01:22,2026-01-09,13:01,13,1,Friday,True,photos/photo_20695@09-01-2026_21-01-22.jpg,$SPX (W) PUT HERO | اليوم⚡️,SPX_PUT_HERO,,,,,,True,False,False,False,telegram_data/messages.html,,,,,,,,,,,,,,,,
28916,09.01.2026 21:01:22 UTC+03:00,2026-01-09 13:01:22,2026-01-09,13:01,13,1,Friday,True,photos/photo_20696@09-01-2026_21-01-22.jpg,$SPX (W) PUT HERO | اليوم⚡️,SPX_PUT_HERO,,,,,,True,False,False,False,telegram_data/messages.html,,,,,,,,,,,,,,,,
28936,09.01.2026 23:38:43 UTC+03:00,2026-01-09 15:38:43,2026-01-09,15:38,15,38,Friday,True,photos/photo_20714@09-01-2026_23-38-43.jpg,$SPX (W) PUT HERO | اليوم⚡️,SPX_PUT_HERO,,,,,,True,False,False,False,telegram_data/messages.html,,,,,,,,,,,,,,,,
28937,09.01.2026 23:38:43 UTC+03:00,2026-01-09 15:38:43,2026-01-09,15:38,15,38,Friday,True,photos/photo_20715@09-01-2026_23-38-43.jpg,$SPX (W) PUT HERO | اليوم⚡️,SPX_PUT_HERO,,,,,,True,False,False,False,telegram_data/messages.html,,,,,,,,,,,,,,,,
28963,12.01.2026 18:31:02 UTC+03:00,2026-01-12 10:31:02,2026-01-12,10:31,10,31,Monday,True,photos/photo_20729@12-01-2026_18-31-02.jpg,$SPX | #تحديث ⚡️ أدنى نقاط 6980 ضارب PUT⛔️ الوقف اغلاق ساعة 🔴,SPX_PUT_ALERT,6980,6980.0,,,,False,True,False,False,telegram_data/messages.html,693.4055,6934.054999999999,-0.663,-45.9,False,6980.0,O:SPXW260112P06980000,22.9,2.52,25.44,0.75,11.1,-96.7,False,True,1.9666666666666666
28964,12.01.2026 18:33:19 UTC+03:00,2026-01-12 10:33:19,2026-01-12,10:33,10,33,Monday,True,photos/photo_20730@12-01-2026_18-33-19.jpg,بشكل عام : $SPX ⬇️ ضارب PUT أدنى 6980-6975 🔴 إغلاقنا ساعة أعلاها ⛔️,SPX_PUT_ALERT,"6980,6975",6980.0,,6980.0,,False,True,False,False,telegram_data/messages.html,693.03,6930.299999999999,-0.717,-49.7,False,6980.0,O:SPXW260112P06980000,24.7,2.52,25.4,0.75,2.8,-97.0,False,True,0.6833333333333333
28965,12.01.2026 19:21:27 UTC+03:00,2026-01-12 11:21:27,2026-01-12,11:21,11,21,Monday,True,photos/photo_20731@12-01-2026_19-21-27.jpg,$SPX (W) PUT HERO | اليوم⚡️,SPX_PUT_HERO,,,,,,True,False,False,False,telegram_data/messages.html,,,,,,,,,,,,,,,,
28966,12.01.2026 19:21:27 UTC+03:00,2026-01-12 11:21:27,2026-01-12,11:21,11,21,Monday,True,photos/photo_20732@12-01-2026_19-21-27.jpg,$SPX (W) PUT HERO | اليوم⚡️,SPX_PUT_HERO,,,,,,True,False,False,False,telegram_data/messages.html,,,,,,,,,,,,,,,,
28967,12.01.2026 19:21:27 UTC+03:00,2026-01-12 11:21:27,2026-01-12,11:21,11,21,Monday,True,photos/photo_20733@12-01-2026_19-21-27.jpg,$SPX (W) PUT HERO | اليوم⚡️,SPX_PUT_HERO,,,,,,True,False,False,False,telegram_data/messages.html,,,,,,,,,,,,,,,,
28970,12.01.2026 19:22:27 UTC+03:00,2026-01-12 11:22:27,2026-01-12,11:22,11,22,Monday,True,photos/photo_20736@12-01-2026_19-22-27.jpg,$SPX PUT (HERO) ⚡️ STOP 🛑 6980 اغلاق ساعة ⛔️,SPX_PUT_HERO,6980,6980.0,6980.0,,,True,True,False,False,telegram_data/messages.html,694.248,6942.4800000000005,-0.54,-37.5,False,6980.0,O:SPXW260112P06980000,13.9,2.52,15.8,0.75,13.7,-94.6,False,True,9.55
28977,12.01.2026 21:32:30 UTC+03:00,2026-01-12 13:32:30,2026-01-12,13:32,13,32,Monday,True,photos/photo_20742@12-01-2026_21-32-30.jpg,SPX(W) PUT HERO | اليوم⚡️,SPX_PUT_HERO,,,,,,True,False,False,False,telegram_data/messages.html,,,,,,,,,,,,,,,,
28978,12.01.2026 21:32:30 UTC+03:00,2026-01-12 13:32:30,2026-01-12,13:32,13,32,Monday,True,photos/photo_20743@12-01-2026_21-32-30.jpg,SPX(W) PUT HERO | اليوم⚡️,SPX_PUT_HERO,,,,,,True,False,False,False,telegram_data/messages.html,,,,,,,,,,,,,,,,
29143,15.01.2026 18:46:05 UTC+03:00,2026-01-15 10:46:05,2026-01-15,10:46,10,46,Thursday,True,photos/photo_20860@15-01-2026_18-46-05.jpg,$SPX PUT HERO !⚡️ STOP 🛑 6985 ❌,SPX_PUT_HERO,6985,6985.0,6985.0,,,True,False,False,False,telegram_data/messages.html,693.43,6934.299999999999,-0.731,-50.7,False,6985.0,O:SPXW260115P06985000,24.8,41.1,45.23,9.3,82.4,-62.5,True,True,302.9166666666667
29145,15.01.2026 19:12:22 UTC+03:00,2026-01-15 11:12:22,2026-01-15,11:12,11,12,Thursday,True,photos/photo_20862@15-01-2026_19-12-22.jpg,$SPX PUT HERO !⚡️ STOP 🛑 6985 ❌,SPX_PUT_HERO,6985,6985.0,6985.0,,,True,False,False,False,telegram_data/messages.html,694.61,6946.1,-0.56,-38.9,False,6985.0,O:SPXW260115P06985000,17.1,41.1,45.23,9.3,164.5,-45.6,True,True,276.6333333333333
29151,15.01.2026 20:31:32 UTC+03:00,2026-01-15 12:31:32,2026-01-15,12:31,12,31,Thursday,True,photos/photo_20867@15-01-2026_20-31-32.jpg,$SPX PUT HERO | 16-JAN | غداً ⚡️,SPX_PUT_HERO,,,,,,True,False,False,False,telegram_data/messages.html,,,,,,,,,,,,,,,,
29152,15.01.2026 20:31:32 UTC+03:00,2026-01-15 12:31:32,2026-01-15,12:31,12,31,Thursday,True,photos/photo_20868@15-01-2026_20-31-32.jpg,$SPX PUT HERO | 16-JAN | غداً ⚡️,SPX_PUT_HERO,,,,,,True,False,False,False,telegram_data/messages.html,,,,,,,,,,,,,,,,
29153,15.01.2026 20:31:32 UTC+03:00,2026-01-15 12:31:32,2026-01-15,12:31,12,31,Thursday,True,photos/photo_20869@15-01-2026_20-31-32.jpg,$SPX PUT HERO | 16-JAN | غداً ⚡️,SPX_PUT_HERO,,,,,,True,False,False,False,telegram_data/messages.html,,,,,,,,,,,,,,,,
29167,15.01.2026 20:38:59 UTC+03:00,2026-01-15 12:38:59,2026-01-15,12:38,12,38,Thursday,True,photos/photo_20883@15-01-2026_20-38-59.jpg,$SPX |PUT HERO ! STOP 🛑 6986❌,SPX_PUT_HERO,6986,6986.0,6986.0,,,True,False,False,False,telegram_data/messages.html,694.485,6944.85,-0.593,-41.1,False,,,,,,,,,,,
29187,16.01.2026 18:43:41 UTC+03:00,2026-01-16 10:43:41,2026-01-16,10:43,10,43,Friday,True,photos/photo_20899@16-01-2026_18-43-41.jpg,#US500 #تحديث ضارب PUT أدنى 6978 ⛔️,SPX_PUT_ALERT,6978,6978.0,,6978.0,,False,False,False,False,telegram_data/messages.html,690.69,6906.900000000001,-1.029,-71.1,False,,,,,,,,,,,
29192,16.01.2026 19:49:08 UTC+03:00,2026-01-16 11:49:08,2026-01-16,11:49,11,49,Friday,True,photos/photo_20904@16-01-2026_19-49-08.jpg,$SPX (w) PUT HERO | اليوم⚡️,SPX_PUT_HERO,,,,,,True,False,False,False,telegram_data/messages.html,,,,,,,,,,,,,,,,
29193,16.01.2026 19:49:08 UTC+03:00,2026-01-16 11:49:08,2026-01-16,11:49,11,49,Friday,True,photos/photo_20905@16-01-2026_19-49-08.jpg,$SPX (w) PUT HERO | اليوم⚡️,SPX_PUT_HERO,,,,,,True,False,False,False,telegram_data/messages.html,,,,,,,,,,,,,,,,
29194,16.01.2026 19:49:08 UTC+03:00,2026-01-16 11:49:08,2026-01-16,11:49,11,49,Friday,True,photos/photo_20906@16-01-2026_19-49-08.jpg,$SPX (w) PUT HERO | اليوم⚡️,SPX_PUT_HERO,,,,,,True,False,False,False,telegram_data/messages.html,,,,,,,,,,,,,,,,
29201,16.01.2026 21:46:44 UTC+03:00,2026-01-16 13:46:44,2026-01-16,13:46,13,46,Friday,True,photos/photo_20910@16-01-2026_21-46-44.jpg,$SPX (w) PUT HERO | اليوم⚡️,SPX_PUT_HERO,,,,,,True,False,False,False,telegram_data/messages.html,,,,,,,,,,,,,,,,
29202,16.01.2026 21:46:44 UTC+03:00,2026-01-16 13:46:44,2026-01-16,13:46,13,46,Friday,True,photos/photo_20911@16-01-2026_21-46-44.jpg,$SPX (w) PUT HERO | اليوم⚡️,SPX_PUT_HERO,,,,,,True,False,False,False,telegram_data/messages.html,,,,,,,,,,,,,,,,
29204,16.01.2026 22:11:18 UTC+03:00,2026-01-16 14:11:18,2026-01-16,14:11,14,11,Friday,True,photos/photo_20912@16-01-2026_22-11-18.jpg,$SPX (w) PUT HERO | اليوم⚡️,SPX_PUT_HERO,,,,,,True,False,False,False,telegram_data/messages.html,,,,,,,,,,,,,,,,
29205,16.01.2026 22:11:18 UTC+03:00,2026-01-16 14:11:18,2026-01-16,14:11,14,11,Friday,True,photos/photo_20913@16-01-2026_22-11-18.jpg,$SPX (w) PUT HERO | اليوم⚡️,SPX_PUT_HERO,,,,,,True,False,False,False,telegram_data/messages.html,,,,,,,,,,,,,,,,
29206,16.01.2026 22:11:18 UTC+03:00,2026-01-16 14:11:18,2026-01-16,14:11,14,11,Friday,True,photos/photo_20914@16-01-2026_22-11-18.jpg,$SPX (w) PUT HERO | اليوم⚡️,SPX_PUT_HERO,,,,,,True,False,False,False,telegram_data/messages.html,,,,,,,,,,,,,,,,
29292,20.01.2026 22:01:05 UTC+03:00,2026-01-20 14:01:05,2026-01-20,14:01,14,1,Tuesday,True,photos/photo_20959@20-01-2026_22-01-05.jpg,$SPX (CALL) HERO⚡️ STOP 🛑 6793 (15m)⛔️,SPX_CALL_ALERT,6793,6793.0,6793.0,,,True,False,False,False,telegram_data/messages.html,679.0499,6790.499,-0.037,-2.5,False,,,,,,,,,,,
29300,20.01.2026 22:39:02 UTC+03:00,2026-01-20 14:39:02,2026-01-20,14:39,14,39,Tuesday,True,photos/photo_20965@20-01-2026_22-39-02.jpg,$SPX (CALL) HERO⚡️ STOP 🛑 6793 (15m)⛔️ دخولك من أرباحك فقط💰,SPX_CALL_ALERT,6793,6793.0,6793.0,,,True,False,False,False,telegram_data/messages.html,678.07,6780.700000000001,-0.181,-12.3,False,,,,,,,,,,,
29323,21.01.2026 18:53:04 UTC+03:00,2026-01-21 10:53:04,2026-01-21,10:53,10,53,Wednesday,True,photos/photo_20984@21-01-2026_18-53-04.jpg,$SPX PUT HERO ⚡️ STOP 🛑 6885 ⛔️,SPX_PUT_HERO,6885,6885.0,6885.0,,,True,False,False,False,telegram_data/messages.html,685.07,6850.700000000001,-0.501,-34.3,False,6885.0,O:SPXW260121P06885000,16.42,9.9,79.4,1.4,383.6,-91.5,True,True,80.93333333333334
29386,21.01.2026 21:24:57 UTC+03:00,2026-01-21 13:24:57,2026-01-21,13:24,13,24,Wednesday,True,photos/photo_21036@21-01-2026_21-24-57.jpg,$SPX !!!!!⚡️ PUT HEro⚡️,SPX_PUT_HERO,,,,,,True,False,False,False,telegram_data/messages.html,,,,,,,,,,,,,,,,
29396,21.01.2026 22:04:12 UTC+03:00,2026-01-21 14:04:12,2026-01-21,14:04,14,4,Wednesday,True,photos/photo_21045@21-01-2026_22-04-12.jpg,$SPX ⚡️PUT HERO⚡️,SPX_PUT_HERO,,,,,,True,False,False,False,telegram_data/messages.html,,,,,,,,,,,,,,,,
29401,21.01.2026 22:52:22 UTC+03:00,2026-01-21 14:52:22,2026-01-21,14:52,14,52,Wednesday,True,photos/photo_21046@21-01-2026_22-52-22.jpg,$SPX ⚡️شايف التذبذب ! بسبب الأخبار بالنسبة PUT - مضاربي ⚡️ الوقف اغلاق يومي أعلى 6915❌,SPX_PUT_ALERT,6915,6915.0,,,6915.0,False,False,True,True,telegram_data/messages.html,687.635,6876.35,-0.562,-38.6,False,6915.0,O:SPXW260121P06915000,18.96,40.9,41.97,10.5,121.4,-44.6,True,True,63.63333333333333
29445,22.01.2026 18:03:05 UTC+03:00,2026-01-22 10:03:05,2026-01-22,10:03,10,3,Thursday,True,photos/photo_21077@22-01-2026_18-03-05.jpg,$SPX PUT HERO !⚡️,SPX_PUT_HERO,,,,,,True,False,False,False,telegram_data/messages.html,,,,,,,,,,,,,,,,
29455,22.01.2026 19:58:16 UTC+03:00,2026-01-22 11:58:16,2026-01-22,11:58,11,58,Thursday,True,photos/photo_21087@22-01-2026_19-58-16.jpg,$SPX PUT HERO⚡️ STOP 🛑 6945-6935 ⛔️,SPX_PUT_HERO,"6945,6935",6945.0,6945.0,,,True,False,False,False,telegram_data/messages.html,689.71,6897.1,-0.694,-47.9,False,6945.0,O:SPXW260122P06945000,27.2,31.3,45.1,12.08,65.8,-55.6,True,True,217.73333333333332
29489,23.01.2026 18:20:05 UTC+03:00,2026-01-23 10:20:05,2026-01-23,10:20,10,20,Friday,True,photos/photo_21118@23-01-2026_18-20-05.jpg,#US500 ⚡️ ⬇️ بشكل عام ادنى 6935-6925 PUT❤️ ضارب بوت واستفيد ☑️ النقطة الاهم كسر 6892 نشوف سريع🩸,SPX_PUT_ALERT,"6935,6925,6892",6935.0,,6935.0,,False,False,False,False,telegram_data/messages.html,688.9658,6889.657999999999,-0.658,-45.3,False,6935.0,O:SPXW260123P06935000,24.55,19.57,35.1,9.9,43.0,-59.7,False,True,158.91666666666666
29490,23.01.2026 18:20:05 UTC+03:00,2026-01-23 10:20:05,2026-01-23,10:20,10,20,Friday,True,photos/photo_21119@23-01-2026_18-20-05.jpg,$SPX PUT HERO ⚡️,SPX_PUT_HERO,,,,,,True,False,False,False,telegram_data/messages.html,,,,,,,,,,,,,,,,
29492,23.01.2026 19:07:04 UTC+03:00,2026-01-23 11:07:04,2026-01-23,11:07,11,7,Friday,True,photos/photo_21121@23-01-2026_19-07-04.jpg,$SPX PUT HERO !⚡️ أدنى نقاط : 6945-6935 مناسب👌🏻,SPX_PUT_HERO,"6945,6935",6945.0,,,,True,False,False,False,telegram_data/messages.html,690.27,6902.7,-0.613,-42.3,False,6945.0,O:SPXW260123P06945000,19.5,26.62,43.41,16.5,122.6,-15.4,True,False,111.93333333333334
29526,23.01.2026 22:30:55 UTC+03:00,2026-01-23 14:30:55,2026-01-23,14:30,14,30,Friday,True,photos/photo_21146@23-01-2026_22-30-55.jpg,$SPX HERO ⚡️ ادنى 6935-6930⛔️ PUT☑️,SPX_PUT_ALERT,"6935,6930",6935.0,,6935.0,,True,False,False,False,telegram_data/messages.html,689.75,6897.5,-0.544,-37.5,False,6935.0,O:SPXW260123P06935000,15.3,19.57,26.5,14.9,73.2,-2.6,True,False,40.083333333333336
29564,26.01.2026 18:41:18 UTC+03:00,2026-01-26 10:41:18,2026-01-26,10:41,10,41,Monday,True,photos/photo_21169@26-01-2026_18-41-18.jpg,$SPX | ⚡️PUT HERO ⚡️ أدنى 6985-6965 مازال سلبي⛔️,SPX_PUT_HERO,"6985,6965",6985.0,,6985.0,,True,False,False,False,telegram_data/messages.html,692.58,6925.8,-0.855,-59.2,False,6985.0,O:SPXW260126P06985000,34.1,34.7,37.33,21.0,9.5,-38.4,False,False,39.7
29567,26.01.2026 21:40:29 UTC+03:00,2026-01-26 13:40:29,2026-01-26,13:40,13,40,Monday,True,photos/photo_21171@26-01-2026_21-40-29.jpg,$SPX (W) PUT HERO اليوم مضاربي⚡️,SPX_PUT_HERO,,,,,,True,False,False,True,telegram_data/messages.html,,,,,,,,,,,,,,,,
29568,26.01.2026 21:40:29 UTC+03:00,2026-01-26 13:40:29,2026-01-26,13:40,13,40,Monday,True,photos/photo_21172@26-01-2026_21-40-29.jpg,$SPX (W) PUT HERO اليوم مضاربي⚡️,SPX_PUT_HERO,,,,,,True,False,False,True,telegram_data/messages.html,,,,,,,,,,,,,,,,
29569,26.01.2026 21:40:29 UTC+03:00,2026-01-26 13:40:29,2026-01-26,13:40,13,40,Monday,True,photos/photo_21173@26-01-2026_21-40-29.jpg,$SPX (W) PUT HERO اليوم مضاربي⚡️,SPX_PUT_HERO,,,,,,True,False,False,True,telegram_data/messages.html,,,,,,,,,,,,,,,,
29590,27.01.2026 18:06:35 UTC+03:00,2026-01-27 10:06:35,2026-01-27,10:06,10,6,Tuesday,True,photos/photo_21187@27-01-2026_18-06-35.jpg,$SPX ⚡️⬇️ ادنى نقاط 7000-6985 (PUT)⛔️ للمضارب ☑️,SPX_PUT_ALERT,"7000,6985",7000.0,,,,False,False,False,True,telegram_data/messages.html,694.85,6948.5,-0.741,-51.5,False,7000.0,O:SPXW260127P07000000,29.7,20.9,29.7,12.9,0.0,-56.6,False,True,0.4166666666666667
29593,27.01.2026 20:19:38 UTC+03:00,2026-01-27 12:19:38,2026-01-27,12:19,12,19,Tuesday,True,photos/photo_21190@27-01-2026_20-19-38.jpg,$SPX ⚡️ PUT HERO⛔️ مناسب ادنى 7000-6995☑️,SPX_PUT_HERO,"7000,6995",7000.0,,7000.0,,True,False,False,False,telegram_data/messages.html,695.54,6955.4,-0.641,-44.6,False,7000.0,O:SPXW260127P07000000,21.32,20.9,27.7,12.9,29.9,-39.5,False,False,42.36666666666667
29594,27.01.2026 21:10:12 UTC+03:00,2026-01-27 13:10:12,2026-01-27,13:10,13,10,Tuesday,True,photos/photo_21191@27-01-2026_21-10-12.jpg,$SPX ⚡️ تفاعل البوت (PUT) بكسر 6966⛔️ 🔴 حديث ترامب الساعة 10:00 م تداول بحذر وبدون كميات ⚠️,SPX_PUT_ALERT,6966,6966.0,,,,False,False,False,False,telegram_data/messages.html,695.03,6950.299999999999,-0.226,-15.7,False,,,,,,,,,,,
29595,27.01.2026 21:22:03 UTC+03:00,2026-01-27 13:22:03,2026-01-27,13:22,13,22,Tuesday,True,photos/photo_21192@27-01-2026_21-22-03.jpg,$SPX #تحديث ⛔️ بكل اختصار الـPUT بكسر 6966-6955🔴 غير ذالك يبقى إيجابي جداً جداً🟢,SPX_PUT_ALERT,"6966,6955",6966.0,,,,False,False,False,False,telegram_data/messages.html,695.8,6958.0,-0.115,-8.0,False,,,,,,,,,,,
29614,28.01.2026 23:15:11 UTC+03:00,2026-01-28 15:15:11,2026-01-28,15:15,15,15,Wednesday,True,photos/photo_21204@28-01-2026_23-15-11.jpg,$SPX PUT HERO ⚡️,SPX_PUT_HERO,,,,,,True,False,False,False,telegram_data/messages.html,,,,,,,,,,,,,,,,
29632,29.01.2026 20:42:26 UTC+03:00,2026-01-29 12:42:26,2026-01-29,12:42,12,42,Thursday,True,photos/photo_21216@29-01-2026_20-42-26.jpg,$SPX (W) PUT HERO ! ⚡️,SPX_PUT_HERO,,,,,,True,False,False,False,telegram_data/messages.html,,,,,,,,,,,,,,,,
29633,29.01.2026 20:42:26 UTC+03:00,2026-01-29 12:42:26,2026-01-29,12:42,12,42,Thursday,True,photos/photo_21217@29-01-2026_20-42-26.jpg,$SPX (W) PUT HERO ! ⚡️,SPX_PUT_HERO,,,,,,True,False,False,False,telegram_data/messages.html,,,,,,,,,,,,,,,,
29634,29.01.2026 20:42:26 UTC+03:00,2026-01-29 12:42:26,2026-01-29,12:42,12,42,Thursday,True,photos/photo_21218@29-01-2026_20-42-26.jpg,$SPX (W) PUT HERO ! ⚡️,SPX_PUT_HERO,,,,,,True,False,False,False,telegram_data/messages.html,,,,,,,,,,,,,,,,
29635,29.01.2026 20:42:26 UTC+03:00,2026-01-29 12:42:26,2026-01-29,12:42,12,42,Thursday,True,photos/photo_21219@29-01-2026_20-42-26.jpg,$SPX (W) PUT HERO ! ⚡️,SPX_PUT_HERO,,,,,,True,False,False,False,telegram_data/messages.html,,,,,,,,,,,,,,,,
29636,29.01.2026 20:42:26 UTC+03:00,2026-01-29 12:42:26,2026-01-29,12:42,12,42,Thursday,True,photos/photo_21220@29-01-2026_20-42-26.jpg,$SPX (W) PUT HERO ! ⚡️,SPX_PUT_HERO,,,,,,True,False,False,False,telegram_data/messages.html,,,,,,,,,,,,,,,,
29637,29.01.2026 20:42:31 UTC+03:00,2026-01-29 12:42:31,2026-01-29,12:42,12,42,Thursday,True,photos/photo_21221@29-01-2026_20-42-31.jpg,$SPX PUT HERO ⚡️ من أربـاحك💰,SPX_PUT_HERO,,,,,,True,False,False,False,telegram_data/messages.html,,,,,,,,,,,,,,,,
29664,29.01.2026 21:55:18 UTC+03:00,2026-01-29 13:55:18,2026-01-29,13:55,13,55,Thursday,True,photos/photo_21247@29-01-2026_21-55-18.jpg,$SPX (W) PUT HERO ! ⚡️,SPX_PUT_HERO,,,,,,True,False,False,False,telegram_data/messages.html,,,,,,,,,,,,,,,,
29665,29.01.2026 21:55:18 UTC+03:00,2026-01-29 13:55:18,2026-01-29,13:55,13,55,Thursday,True,photos/photo_21248@29-01-2026_21-55-18.jpg,$SPX (W) PUT HERO ! ⚡️,SPX_PUT_HERO,,,,,,True,False,False,False,telegram_data/messages.html,,,,,,,,,,,,,,,,
29666,29.01.2026 21:55:18 UTC+03:00,2026-01-29 13:55:18,2026-01-29,13:55,13,55,Thursday,True,photos/photo_21249@29-01-2026_21-55-18.jpg,$SPX (W) PUT HERO ! ⚡️,SPX_PUT_HERO,,,,,,True,False,False,False,telegram_data/messages.html,,,,,,,,,,,,,,,,
29673,29.01.2026 22:31:13 UTC+03:00,2026-01-29 14:31:13,2026-01-29,14:31,14,31,Thursday,True,photos/photo_21253@29-01-2026_22-31-13.jpg,$SPX PUT HERO⚡️ مناسب ادنى 6962-6955⛔️,SPX_PUT_HERO,"6962,6955",6962.0,,6962.0,,True,False,False,False,telegram_data/messages.html,691.76,6917.6,-0.642,-44.4,False,,,,,,,,,,,
29674,29.01.2026 22:34:20 UTC+03:00,2026-01-29 14:34:20,2026-01-29,14:34,14,34,Thursday,True,photos/photo_21254@29-01-2026_22-34-20.jpg,$SPX (W) PUT HERO ! ⚡️,SPX_PUT_HERO,,,,,,True,False,False,False,telegram_data/messages.html,,,,,,,,,,,,,,,,
29675,29.01.2026 22:34:20 UTC+03:00,2026-01-29 14:34:20,2026-01-29,14:34,14,34,Thursday,True,photos/photo_21255@29-01-2026_22-34-20.jpg,$SPX (W) PUT HERO ! ⚡️,SPX_PUT_HERO,,,,,,True,False,False,False,telegram_data/messages.html,,,,,,,,,,,,,,,,
29676,29.01.2026 22:34:20 UTC+03:00,2026-01-29 14:34:20,2026-01-29,14:34,14,34,Thursday,True,photos/photo_21256@29-01-2026_22-34-20.jpg,$SPX (W) PUT HERO ! ⚡️,SPX_PUT_HERO,,,,,,True,False,False,False,telegram_data/messages.html,,,,,,,,,,,,,,,,
29730,30.01.2026 20:35:06 UTC+03:00,2026-01-30 12:35:06,2026-01-30,12:35,12,35,Friday,True,photos/photo_21302@30-01-2026_20-35-06.jpg,$SPX (W) PUT HERO | اليوم⚡️,SPX_PUT_HERO,,,,,,True,False,False,False,telegram_data/messages.html,,,,,,,,,,,,,,,,
29732,30.01.2026 20:35:14 UTC+03:00,2026-01-30 12:35:14,2026-01-30,12:35,12,35,Friday,True,photos/photo_21304@30-01-2026_20-35-14.jpg,$SPX (W) PUT HERO | اليوم⚡️,SPX_PUT_HERO,,,,,,True,False,False,False,telegram_data/messages.html,,,,,,,,,,,,,,,,
29734,30.01.2026 20:35:22 UTC+03:00,2026-01-30 12:35:22,2026-01-30,12:35,12,35,Friday,True,photos/photo_21306@30-01-2026_20-35-22.jpg,$SPX (W) PUT HERO | اليوم⚡️,SPX_PUT_HERO,,,,,,True,False,False,False,telegram_data/messages.html,,,,,,,,,,,,,,,,
29736,30.01.2026 20:35:31 UTC+03:00,2026-01-30 12:35:31,2026-01-30,12:35,12,35,Friday,True,photos/photo_21308@30-01-2026_20-35-31.jpg,$SPX (W) PUT HERO | اليوم⚡️,SPX_PUT_HERO,,,,,,True,False,False,False,telegram_data/messages.html,,,,,,,,,,,,,,,,
29738,30.01.2026 20:35:38 UTC+03:00,2026-01-30 12:35:38,2026-01-30,12:35,12,35,Friday,True,photos/photo_21310@30-01-2026_20-35-38.jpg,$SPX (W) PUT HERO | اليوم⚡️,SPX_PUT_HERO,,,,,,True,False,False,False,telegram_data/messages.html,,,,,,,,,,,,,,,,
29740,30.01.2026 20:35:46 UTC+03:00,2026-01-30 12:35:46,2026-01-30,12:35,12,35,Friday,True,photos/photo_21312@30-01-2026_20-35-46.jpg,$SPX (W) PUT HERO | اليوم⚡️,SPX_PUT_HERO,,,,,,True,False,False,False,telegram_data/messages.html,,,,,,,,,,,,,,,,
29742,30.01.2026 20:35:53 UTC+03:00,2026-01-30 12:35:53,2026-01-30,12:35,12,35,Friday,True,photos/photo_21314@30-01-2026_20-35-53.jpg,$SPX (W) PUT HERO | اليوم⚡️,SPX_PUT_HERO,,,,,,True,False,False,False,telegram_data/messages.html,,,,,,,,,,,,,,,,
29763,30.01.2026 22:09:28 UTC+03:00,2026-01-30 14:09:28,2026-01-30,14:09,14,9,Friday,True,photos/photo_21332@30-01-2026_22-09-28.jpg,$SPX (W) PUT HERO⚡️,SPX_PUT_HERO,,,,,,True,False,False,False,telegram_data/messages.html,,,,,,,,,,,,,,,,
29764,30.01.2026 22:09:28 UTC+03:00,2026-01-30 14:09:28,2026-01-30,14:09,14,9,Friday,True,photos/photo_21333@30-01-2026_22-09-28.jpg,$SPX (W) PUT HERO⚡️,SPX_PUT_HERO,,,,,,True,False,False,False,telegram_data/messages.html,,,,,,,,,,,,,,,,
29765,30.01.2026 22:09:28 UTC+03:00,2026-01-30 14:09:28,2026-01-30,14:09,14,9,Friday,True,photos/photo_21334@30-01-2026_22-09-28.jpg,$SPX (W) PUT HERO⚡️,SPX_PUT_HERO,,,,,,True,False,False,False,telegram_data/messages.html,,,,,,,,,,,,,,,,
29766,30.01.2026 22:09:28 UTC+03:00,2026-01-30 14:09:28,2026-01-30,14:09,14,9,Friday,True,photos/photo_21335@30-01-2026_22-09-28.jpg,$SPX PUT HERO⚡️ من أربـاحــــك💰,SPX_PUT_HERO,,,,,,True,False,False,False,telegram_data/messages.html,,,,,,,,,,,,,,,,
29810,02.02.2026 11:14:09 UTC+03:00,2026-02-02 03:14:09,2026-02-02,03:14,3,14,Monday,True,photos/photo_21358@02-02-2026_11-14-09.jpg,#US500 ⚡️ ادنى مناطق 6975-6950 ضارب PUT⛔️,SPX_PUT_ALERT,"6975,6950",6975.0,,,,False,False,False,False,telegram_data/messages2.html,,,,,,6975.0,O:SPXW260202P06975000,50.92,0.1,58.7,0.05,15.3,-99.9,False,True,375.85
29814,02.02.2026 15:53:46 UTC+03:00,2026-02-02 07:53:46,2026-02-02,07:53,7,53,Monday,True,photos/photo_21360@02-02-2026_15-53-46.jpg,#تحديث #US500 ⚡️ نضارب call ⚡️ أعلى 6858 ✅ والمخاطرة عاليه جداً ويكون الوقف ❌ دراية جلوبال يمديك تنفذ الأمر خارج السوق ☑️ ولاكن لا يوجد وقف خساره خارج السوق⛔️,SPX_CALL_ALERT,6858,6858.0,,,6858.0,False,False,False,False,telegram_data/messages2.html,689.05,6890.5,0.472,32.5,True,,,,,,,,,,,
29830,02.02.2026 17:39:18 UTC+03:00,2026-02-02 09:39:18,2026-02-02,09:39,9,39,Monday,True,photos/photo_21360@02-02-2026_15-53-46.jpg,#تحديث #US500 ⚡️ نضارب call ⚡️ أعلى 6858 ✅ والمخاطرة عاليه جداً ويكون الوقف ❌,SPX_CALL_ALERT,6858,6858.0,,,6858.0,False,False,False,False,telegram_data/messages2.html,691.945,6919.450000000001,0.888,61.5,True,,,,,,,,,,,
29835,02.02.2026 19:51:27 UTC+03:00,2026-02-02 11:51:27,2026-02-02,11:51,11,51,Monday,True,photos/photo_21367@02-02-2026_19-51-27.jpg,$SPX PUT HERO⚡️,SPX_PUT_HERO,,,,,,True,False,False,False,telegram_data/messages2.html,,,,,,,,,,,,,,,,
29888,03.02.2026 23:21:38 UTC+03:00,2026-02-03 15:21:38,2026-02-03,15:21,15,21,Tuesday,True,photos/photo_21406@03-02-2026_23-21-38.jpg,$SPX ⚡️ تجاوز 6900-6905 ينفجر CALL🔥,SPX_CALL_ALERT,"6900,6905",6900.0,,,,False,False,False,False,telegram_data/messages2.html,687.03,6870.299999999999,-0.432,-29.7,False,6900.0,O:SPXW260203C06900000,4.0,17.2,19.0,3.56,375.0,-11.0,True,False,37.36666666666667
29891,03.02.2026 23:37:08 UTC+03:00,2026-02-03 15:37:08,2026-02-03,15:37,15,37,Tuesday,True,photos/photo_21407@03-02-2026_23-37-08.jpg,$SPX ⚡️ لا يرجع ادنى 6900-6895⛔️ أعلاها يكمل مضارب call😍🔥,SPX_CALL_ALERT,"6900,6895",6900.0,,6900.0,,False,False,False,True,telegram_data/messages2.html,688.58,6885.8,-0.206,-14.2,False,6900.0,O:SPXW260203C06900000,15.3,17.2,19.0,8.0,24.2,-47.7,False,True,21.866666666666667
30007,04.02.2026 23:08:01 UTC+03:00,2026-02-04 15:08:01,2026-02-04,15:08,15,8,Wednesday,True,photos/photo_21511@04-02-2026_23-08-01.jpg,#US500 !!!!! PUT HERO⚡️,SPX_PUT_HERO,,,,,,True,False,False,False,telegram_data/messages2.html,,,,,,,,,,,,,,,,
30051,05.02.2026 04:51:35 UTC+03:00,2026-02-04 20:51:35,2026-02-04,20:51,20,51,Wednesday,True,photos/photo_21544@05-02-2026_04-51-35.jpg,#US500 ⚡️ #تحديث 🟢CALL :6918 ( بتجاوز النقطة ) 🔴PUT :6889 ( بكسر النقطة ),SPX_PUT_ALERT,"6918,6889",6918.0,,,,False,False,False,False,telegram_data/messages2.html,,,,,,,,,,,,,,,,
30060,05.02.2026 17:38:16 UTC+03:00,2026-02-05 09:38:16,2026-02-05,09:38,9,38,Thursday,True,photos/photo_21551@05-02-2026_17-38-16.jpg,$SPX (CALL HERO)⚡️ STOP 🛑 6790 ❌ ( 1H ),SPX_CALL_ALERT,6790,6790.0,6790.0,,,True,True,False,False,telegram_data/messages2.html,682.25,6822.5,0.476,32.5,True,6790.0,O:SPXW260205C06790000,68.15,9.1,71.75,1.5,5.3,-97.8,False,True,5.733333333333333
30063,05.02.2026 18:18:01 UTC+03:00,2026-02-05 10:18:01,2026-02-05,10:18,10,18,Thursday,True,photos/photo_21554@05-02-2026_18-18-01.jpg,$SPX ⛔️ CALL HERO⚡️ STOP 🛑 6790 ( اغلاق شمعة ساعة ) نراقب هالمناطق ☑️,SPX_CALL_ALERT,6790,6790.0,6790.0,,,True,False,False,False,telegram_data/messages2.html,677.89,6778.9,-0.164,-11.1,False,6790.0,O:SPXW260205C06790000,35.4,9.1,60.0,1.5,69.5,-95.8,True,True,147.98333333333332
30066,05.02.2026 18:39:39 UTC+03:00,2026-02-05 10:39:39,2026-02-05,10:39,10,39,Thursday,True,photos/photo_21557@05-02-2026_18-39-39.jpg,$SPX ⚡️ تجاوز 6800 جميل CALL HERO🟢 ادناها غير جيد ابداً ⛔️ عموما الكول مناسب الان للمضارب 🔥 الوقف بكسر 6760-6750❌,SPX_CALL_ALERT,"6800,6760,6750",6800.0,,,,True,False,False,True,telegram_data/messages2.html,677.58,6775.8,-0.357,-24.2,False,6800.0,O:SPXW260205C06800000,24.35,0.2,51.0,0.1,109.4,-99.6,True,True,127.35
30074,05.02.2026 21:44:13 UTC+03:00,2026-02-05 13:44:13,2026-02-05,13:44,13,44,Thursday,True,photos/photo_21564@05-02-2026_21-44-13.jpg,$SPX CALL HERO⚡️ يفشل باغلاق ساعة ادنى 6800❌,SPX_CALL_ALERT,6800,6800.0,,6800.0,,True,True,False,False,telegram_data/messages2.html,679.01,6790.1,-0.146,-9.9,False,6800.0,O:SPXW260205C06800000,20.54,0.2,38.19,0.1,85.9,-99.5,True,True,38.78333333333333
30121,06.02.2026 17:55:14 UTC+03:00,2026-02-06 09:55:14,2026-02-06,09:55,9,55,Friday,True,photos/photo_21602@06-02-2026_17-55-14.jpg,$SPX ( PUT HERO )⚡️ شخصياً⛔️ أدنى 6920-6900 بضارب بوت ☑️,SPX_PUT_HERO,"6920,6900",6920.0,,6920.0,,True,False,False,False,telegram_data/messages2.html,684.96,6849.6,-1.028,-70.4,False,6920.0,O:SPXW260206P06920000,54.65,0.05,64.74,0.03,18.5,-99.9,False,True,11.766666666666667
30135,06.02.2026 18:53:48 UTC+03:00,2026-02-06 10:53:48,2026-02-06,10:53,10,53,Friday,True,photos/photo_21610@06-02-2026_18-53-48.jpg,$SPX PUT HERO⚡️,SPX_PUT_HERO,,,,,,True,False,False,False,telegram_data/messages2.html,,,,,,,,,,,,,,,,
30139,06.02.2026 19:53:13 UTC+03:00,2026-02-06 11:53:13,2026-02-06,11:53,11,53,Friday,True,photos/photo_21613@06-02-2026_19-53-13.jpg,$SPX ( PUT HERO )⚡️ STOP 🛑 6920-6915 ❌,SPX_PUT_HERO,"6920,6915",6920.0,6920.0,,,True,False,False,False,telegram_data/messages2.html,687.91,6879.099999999999,-0.595,-40.9,False,6920.0,O:SPXW260206P06920000,25.6,0.05,30.28,0.03,18.3,-99.9,False,True,4.783333333333333
30178,09.02.2026 18:26:54 UTC+03:00,2026-02-09 10:26:54,2026-02-09,10:26,10,26,Monday,True,photos/photo_21627@09-02-2026_18-26-54.jpg,$SPX PUT HERO⚡️ مناسب للمضارب ادنى 6960-6955⛔️,SPX_PUT_HERO,"6960,6955",6960.0,,6960.0,,True,False,False,True,telegram_data/messages2.html,691.89,6918.9,-0.594,-41.1,False,6960.0,O:SPXW260209P06960000,23.45,0.05,25.0,0.03,6.6,-99.9,False,True,0.1
30207,10.02.2026 17:41:58 UTC+03:00,2026-02-10 09:41:58,2026-02-10,09:41,9,41,Tuesday,True,photos/photo_21655@10-02-2026_17-41-58.jpg,$SPX PUT HERO⚡️ ادنى نقاط 6995-6985⛔️ البوت يتفاعل بكسر 6950 🩸,SPX_PUT_HERO,"6995,6985,6950",6995.0,,,,True,False,False,False,telegram_data/messages2.html,693.5,6935.0,-0.865,-60.0,False,6995.0,O:SPXW260210P06995000,40.3,53.1,55.9,14.9,38.7,-63.0,False,True,375.03333333333336
30209,10.02.2026 18:14:41 UTC+03:00,2026-02-10 10:14:41,2026-02-10,10:14,10,14,Tuesday,True,photos/photo_21657@10-02-2026_18-14-41.jpg,⛔️ $SPX #تحديث ⚡️ مناطق الرفض ( 7000-6995 )⚠️ ادناها ضارب PUT❤️,SPX_PUT_ALERT,"7000,6995",7000.0,,,,False,False,False,False,telegram_data/messages2.html,695.01,6950.1,-0.718,-49.9,False,7000.0,O:SPXW260210P07000000,30.91,59.77,59.77,18.0,93.4,-41.8,True,True,341.31666666666666
30239,11.02.2026 16:40:29 UTC+03:00,2026-02-11 08:40:29,2026-02-11,08:40,8,40,Wednesday,True,photos/photo_21683@11-02-2026_16-40-29.jpg,#US500 ⚡️  PUT HERO⚡️,SPX_PUT_HERO,,,,,,True,False,False,False,telegram_data/messages2.html,,,,,,,,,,,,,,,,
30242,11.02.2026 17:34:46 UTC+03:00,2026-02-11 09:34:46,2026-02-11,09:34,9,34,Wednesday,True,photos/photo_21686@11-02-2026_17-34-46.jpg,$SPX #تحديث ⚡️⬇️ شخصياً أدنى 7015-7000 (PUT)⛔️ قـرارك☑️,SPX_PUT_ALERT,"7015,7000",7015.0,,7015.0,,False,False,False,False,telegram_data/messages2.html,695.9399,6959.398999999999,-0.799,-55.6,False,7015.0,O:SPXW260211P07015000,37.0,,101.0,32.58,173.0,-11.9,True,False,52.233333333333334
30255,11.02.2026 19:58:51 UTC+03:00,2026-02-11 11:58:51,2026-02-11,11:58,11,58,Wednesday,True,photos/photo_21690@11-02-2026_19-58-51.jpg,$SPX PUT HERO⚡️,SPX_PUT_HERO,,,,,,True,False,False,False,telegram_data/messages2.html,,,,,,,,,,,,,,,,
30257,11.02.2026 22:42:05 UTC+03:00,2026-02-11 14:42:05,2026-02-11,14:42,14,42,Wednesday,True,photos/photo_21691@11-02-2026_22-42-05.jpg,SPX(W) PUT HERO⚡️11-FEB,SPX_PUT_HERO,,,,,,True,False,False,False,telegram_data/messages2.html,,,,,,,,,,,,,,,,
30258,11.02.2026 22:42:06 UTC+03:00,2026-02-11 14:42:06,2026-02-11,14:42,14,42,Wednesday,True,photos/photo_21692@11-02-2026_22-42-06.jpg,SPX(W) PUT HERO⚡️11-FEB,SPX_PUT_HERO,,,,,,True,False,False,False,telegram_data/messages2.html,,,,,,,,,,,,,,,,
30259,11.02.2026 22:42:06 UTC+03:00,2026-02-11 14:42:06,2026-02-11,14:42,14,42,Wednesday,True,photos/photo_21693@11-02-2026_22-42-06.jpg,SPX(W) PUT HERO⚡️11-FEB,SPX_PUT_HERO,,,,,,True,False,False,False,telegram_data/messages2.html,,,,,,,,,,,,,,,,
30335,12.02.2026 21:38:21 UTC+03:00,2026-02-12 13:38:21,2026-02-12,13:38,13,38,Thursday,True,photos/photo_21763@12-02-2026_21-38-21.jpg,$SPX CALL HERO⚡️ بشرط تجاوز نقطة 6860⚡️,SPX_CALL_ALERT,6860,6860.0,,,,True,False,False,False,telegram_data/messages2.html,684.06,6840.599999999999,-0.284,-19.4,False,6860.0,O:SPXW260212C06860000,13.5,0.03,21.7,0.02,60.7,-99.9,True,True,71.65
30398,13.02.2026 17:51:07 UTC+03:00,2026-02-13 09:51:07,2026-02-13,09:51,9,51,Friday,True,photos/photo_21817@13-02-2026_17-51-07.jpg,$SPX PUT HERO⚡️ شخصياً ادنى 6867-6857 ⛔️ مناسب لمضارب البوت❤️,SPX_PUT_HERO,"6867,6857",6867.0,,6867.0,,True,False,False,True,telegram_data/messages2.html,680.829,6808.289999999999,-0.862,-58.7,False,,,,,,,,,,,
30404,13.02.2026 18:39:22 UTC+03:00,2026-02-13 10:39:22,2026-02-13,10:39,10,39,Friday,True,photos/photo_21822@13-02-2026_18-39-22.jpg,$SPX PUT HERO⚡️ ⛔️مناسب ادنى 6878⛔️,SPX_PUT_HERO,6878,6878.0,,6878.0,,True,False,False,False,telegram_data/messages2.html,682.89,6828.9,-0.719,-49.1,False,,,,,,,,,,,
30408,13.02.2026 20:18:19 UTC+03:00,2026-02-13 12:18:19,2026-02-13,12:18,12,18,Friday,True,photos/photo_21825@13-02-2026_20-18-19.jpg,$SPX (PUT HERO)⚡️ يفشــل باغلاق ساعة أعلى 6880❌ ضارب واستفيد ⛔️,SPX_PUT_HERO,6880,6880.0,,,6880.0,True,True,False,False,telegram_data/messages2.html,685.02,6850.2,-0.435,-29.8,False,6880.0,O:SPXW260213P06880000,19.8,45.5,60.7,9.5,206.6,-52.0,True,True,203.68333333333334
30409,13.02.2026 20:18:19 UTC+03:00,2026-02-13 12:18:19,2026-02-13,12:18,12,18,Friday,True,photos/photo_21826@13-02-2026_20-18-19.jpg,$SPX ⚡️PUT HERO⚡️ ❤️❤️❤️❤️❤️❤️❤️❤️❤️❤️,SPX_PUT_HERO,,,,,,True,False,False,False,telegram_data/messages2.html,,,,,,,,,,,,,,,,
30486,17.02.2026 19:30:00 UTC+03:00,2026-02-17 11:30:00,2026-02-17,11:30,11,30,Tuesday,True,photos/photo_21874@17-02-2026_19-30-00.jpg,$SPX ( PUT HERO )⛔️,SPX_PUT_HERO,,,,,,True,False,False,False,telegram_data/messages2.html,,,,,,,,,,,,,,,,
30492,17.02.2026 22:02:36 UTC+03:00,2026-02-17 14:02:36,2026-02-17,14:02,14,2,Tuesday,True,photos/photo_21877@17-02-2026_22-02-36.jpg,$SPX ( PUT HERO )⛔️,SPX_PUT_HERO,,,,,,True,False,False,False,telegram_data/messages2.html,,,,,,,,,,,,,,,,
30507,18.02.2026 19:21:40 UTC+03:00,2026-02-18 11:21:40,2026-02-18,11:21,11,21,Wednesday,True,photos/photo_21886@18-02-2026_19-21-40.jpg,شخصـياً⬇️ $SPX (PUT HERO⚡️)⛔️ الوقف ساعة أعلى 6915-6925❌ ويفضل كسر 6881 يعطينا🩸💰,SPX_PUT_HERO,"6915,6925,6881",6915.0,,,6915.0,True,False,False,False,telegram_data/messages2.html,688.19,6881.900000000001,-0.481,-33.1,False,6915.0,O:SPXW260218P06915000,19.34,28.96,57.0,10.3,194.7,-46.7,True,True,239.33333333333334
30569,19.02.2026 21:08:57 UTC+03:00,2026-02-19 13:08:57,2026-02-19,13:08,13,8,Thursday,True,photos/photo_21933@19-02-2026_21-08-57.jpg,SPX(SPXW) PUT HERO DAY 19-FEB ( مضاربي⚡️),SPX_PUT_HERO,,,,,,True,False,False,True,telegram_data/messages2.html,,,,,,,,,,,,,,,,
30571,19.02.2026 21:09:03 UTC+03:00,2026-02-19 13:09:03,2026-02-19,13:09,13,9,Thursday,True,photos/photo_21935@19-02-2026_21-09-03.jpg,SPX(SPXW) PUT HERO DAY 19-FEB ( مضاربي⚡️),SPX_PUT_HERO,,,,,,True,False,False,True,telegram_data/messages2.html,,,,,,,,,,,,,,,,
30573,19.02.2026 21:09:10 UTC+03:00,2026-02-19 13:09:10,2026-02-19,13:09,13,9,Thursday,True,photos/photo_21937@19-02-2026_21-09-10.jpg,SPX(SPXW) PUT HERO DAY 19-FEB ( مضاربي⚡️),SPX_PUT_HERO,,,,,,True,False,False,True,telegram_data/messages2.html,,,,,,,,,,,,,,,,
30575,19.02.2026 21:09:16 UTC+03:00,2026-02-19 13:09:16,2026-02-19,13:09,13,9,Thursday,True,photos/photo_21939@19-02-2026_21-09-16.jpg,SPX(SPXW) PUT HERO DAY 19-FEB ( مضاربي⚡️),SPX_PUT_HERO,,,,,,True,False,False,True,telegram_data/messages2.html,,,,,,,,,,,,,,,,
30577,19.02.2026 21:09:24 UTC+03:00,2026-02-19 13:09:24,2026-02-19,13:09,13,9,Thursday,True,photos/photo_21941@19-02-2026_21-09-24.jpg,SPX(SPXW) PUT HERO DAY 19-FEB ( مضاربي⚡️),SPX_PUT_HERO,,,,,,True,False,False,True,telegram_data/messages2.html,,,,,,,,,,,,,,,,
30579,19.02.2026 21:09:32 UTC+03:00,2026-02-19 13:09:32,2026-02-19,13:09,13,9,Thursday,True,photos/photo_21943@19-02-2026_21-09-32.jpg,SPX(SPXW) PUT HERO DAY 19-FEB ( مضاربي⚡️),SPX_PUT_HERO,,,,,,True,False,False,True,telegram_data/messages2.html,,,,,,,,,,,,,,,,
30581,19.02.2026 21:10:19 UTC+03:00,2026-02-19 13:10:19,2026-02-19,13:10,13,10,Thursday,True,photos/photo_21945@19-02-2026_21-10-19.jpg,SPX(SPXW) PUT HERO DAY 19-FEB ( مضاربي⚡️),SPX_PUT_HERO,,,,,,True,False,False,True,telegram_data/messages2.html,,,,,,,,,,,,,,,,
30586,19.02.2026 22:31:36 UTC+03:00,2026-02-19 14:31:36,2026-02-19,14:31,14,31,Thursday,True,photos/photo_21948@19-02-2026_22-31-36.jpg,$SPX ⚡️ أدنى 6870 ضارب PUT⛔️,SPX_PUT_ALERT,6870,6870.0,,6870.0,,False,False,False,False,telegram_data/messages2.html,683.5,6835.0,-0.512,-35.0,False,6870.0,O:SPXW260219P06870000,19.5,8.6,33.0,8.6,69.2,-55.9,True,True,7.4
30588,19.02.2026 23:46:24 UTC+03:00,2026-02-19 15:46:24,2026-02-19,15:46,15,46,Thursday,True,photos/photo_21949@19-02-2026_23-46-24.jpg,$SPX (W) PUT HERO| 19 اليوم⚡️,SPX_PUT_HERO,,,,,,True,False,False,False,telegram_data/messages2.html,,,,,,,,,,,,,,,,
30590,19.02.2026 23:46:31 UTC+03:00,2026-02-19 15:46:31,2026-02-19,15:46,15,46,Thursday,True,photos/photo_21951@19-02-2026_23-46-31.jpg,$SPX (W) PUT HERO| 19 اليوم⚡️,SPX_PUT_HERO,,,,,,True,False,False,False,telegram_data/messages2.html,,,,,,,,,,,,,,,,
30615,20.02.2026 19:11:24 UTC+03:00,2026-02-20 11:11:24,2026-02-20,11:11,11,11,Friday,True,photos/photo_21964@20-02-2026_19-11-24.jpg,$SPX PUT HERO ⚡️ STOP 🛑 6920,SPX_PUT_HERO,6920,6920.0,6920.0,,,True,False,False,False,telegram_data/messages2.html,688.5,6885.0,-0.508,-35.0,False,6920.0,O:SPXW260220P06920000,21.83,10.5,61.3,9.26,180.8,-57.6,True,True,72.6
30656,20.02.2026 22:07:28 UTC+03:00,2026-02-20 14:07:28,2026-02-20,14:07,14,7,Friday,True,photos/photo_21972@20-02-2026_22-07-28.jpg,$SPX PUT HERO⚡️ نفس الوقف أعلى 6920-6930⛔️ ضارب واستفيد ادناها👌🏻,SPX_PUT_HERO,"6920,6930",6920.0,,,6920.0,True,False,False,False,telegram_data/messages2.html,689.16,6891.599999999999,-0.412,-28.4,False,6920.0,O:SPXW260220P06920000,15.1,10.5,25.0,9.26,65.6,-38.7,True,False,41.53333333333333
30708,23.02.2026 17:49:14 UTC+03:00,2026-02-23 09:49:14,2026-02-23,09:49,9,49,Monday,True,photos/photo_21990@23-02-2026_17-49-14.jpg,$SPX (W) PUT | HERO⚡️ مناسب نفس الوقف ⬇️ ادنى نقاط 6920-6930 سلبي❤️,SPX_PUT_ALERT,"6920,6930",6920.0,,,,True,False,False,False,telegram_data/messages2.html,686.9,6869.0,-0.742,-51.0,False,6920.0,O:SPXW260223P06920000,30.6,91.01,98.0,29.5,220.3,-3.6,True,False,86.76666666666667
30748,23.02.2026 21:41:10 UTC+03:00,2026-02-23 13:41:10,2026-02-23,13:41,13,41,Monday,True,photos/photo_22025@23-02-2026_21-41-10.jpg,$SPX ⚡️PUT HERO⚡️ يفشل اغلاق ساعة أعلى 6865⛔️ للمضارب🔥,SPX_PUT_HERO,6865,6865.0,,,6865.0,True,True,False,True,telegram_data/messages2.html,683.26,6832.6,-0.474,-32.4,False,6865.0,O:SPXW260223P06865000,17.5,28.0,43.06,17.5,146.1,0.0,True,False,62.833333333333336
30769,24.02.2026 18:03:04 UTC+03:00,2026-02-24 10:03:04,2026-02-24,10:03,10,3,Tuesday,True,photos/photo_22039@24-02-2026_18-03-04.jpg,$SPX PUT HERO⚡️ ادنى نقاط 6888-6875 مناسب البوت للمضارب ❤️,SPX_PUT_HERO,"6888,6875",6888.0,,,,True,False,False,True,telegram_data/messages2.html,682.97,6829.700000000001,-0.854,-58.3,False,,,,,,,,,,,
30772,24.02.2026 19:18:40 UTC+03:00,2026-02-24 11:18:40,2026-02-24,11:18,11,18,Tuesday,True,photos/photo_22041@24-02-2026_19-18-40.jpg,$SPX PUT HERO⚡️ مناسب أدنى 6920-6900⛔️,SPX_PUT_HERO,"6920,6900",6920.0,,6920.0,,True,False,False,False,telegram_data/messages2.html,686.21,6862.1,-0.844,-57.9,False,6920.0,O:SPXW260224P06920000,44.0,29.3,51.96,21.25,18.1,-51.7,False,True,14.333333333333334
30777,24.02.2026 20:38:14 UTC+03:00,2026-02-24 12:38:14,2026-02-24,12:38,12,38,Tuesday,True,photos/photo_22044@24-02-2026_20-38-14.jpg,$SPX PUT HERO⚡️,SPX_PUT_HERO,,,,,,True,False,False,False,telegram_data/messages2.html,,,,,,,,,,,,,,,,
30790,25.02.2026 17:43:11 UTC+03:00,2026-02-25 09:43:11,2026-02-25,09:43,9,43,Wednesday,True,photos/photo_22052@25-02-2026_17-43-11.jpg,$SPX PUT HERO⚡️ مناسب ادنى 6950-6940⛔️ يفضل كسر 6910-6900 يعطينا💰,SPX_PUT_HERO,"6950,6940,6910,6900",6950.0,,6950.0,,True,False,False,False,telegram_data/messages2.html,690.99,6909.9,-0.58,-40.1,False,6950.0,O:SPXW260225P06950000,22.4,3.2,32.4,0.9,44.6,-96.0,False,True,32.81666666666667
30791,25.02.2026 17:58:17 UTC+03:00,2026-02-25 09:58:17,2026-02-25,09:58,9,58,Wednesday,True,photos/photo_22053@25-02-2026_17-58-17.jpg,$SPX ⚡️PUT HERO⚡️ شخصاً مضارب بوت ⛔️ ادنى 6950-6940☑️ ينجح بكسر 6910-6900💰 #قرارك دائماً,SPX_PUT_HERO,"6950,6940,6910,6900",6950.0,,6950.0,,True,False,False,True,telegram_data/messages2.html,691.26,6912.6,-0.541,-37.4,False,6950.0,O:SPXW260225P06950000,23.1,3.2,32.4,0.9,40.3,-96.1,False,True,17.716666666666665
30852,26.02.2026 21:49:42 UTC+03:00,2026-02-26 13:49:42,2026-02-26,13:49,13,49,Thursday,True,photos/photo_22101@26-02-2026_21-49-42.jpg,$SPX PUT HERO⚡️ مناسب البوت ادنى 6921-6906⛔️ دخولك من ارباحك اليوم💰 وبدون كميات والمخاطرة جداً عالية 🔥,SPX_PUT_HERO,"6921,6906",6921.0,,6921.0,,True,False,False,False,telegram_data/messages2.html,687.185,6871.849999999999,-0.715,-49.2,False,,,,,,,,,,,
30942,02.03.2026 18:25:07 UTC+03:00,2026-03-02 10:25:07,2026-03-02,10:25,10,25,Monday,True,photos/photo_22152@02-03-2026_18-25-07.jpg,$SPX ⚡️PUT HERO⚡️,SPX_PUT_HERO,,,,,,True,False,False,False,telegram_data/messages3.html,,,,,,,,,,,,,,,,
31036,04.03.2026 15:23:50 UTC+03:00,2026-03-04 07:23:50,2026-03-04,07:23,7,23,Wednesday,True,photos/photo_22222@04-03-2026_15-23-50.jpg,#US500 ⚡️ PUT HERO⚡️ STOP 🛑 6845 (1H) للمضارب⛔️,SPX_PUT_HERO,6845,6845.0,6845.0,,,True,True,False,True,telegram_data/messages3.html,680.1,6801.0,-0.647,-44.0,False,6845.0,O:SPXW260304P06845000,24.3,0.03,44.07,0.03,81.4,-99.9,True,True,141.16666666666666
31196,09.03.2026 05:44:24 UTC+03:00,2026-03-08 22:44:24,2026-03-08,22:44,22,44,Sunday,True,photos/photo_22335@09-03-2026_05-44-24.jpg,#US500 ⚡️ $SPX CALL HERO ⬇️ مع الأفتتـاح ونراقب ونحدث ان شاءلله ⛔️مناطق دعوم 6570-6550⛔️ مهم‼️المحافظة عليها⚡️ يعطينا ارتداد اليوم لمضارب الكول المخاطرة عالية جداً جداً 🔥,SPX_CALL_ALERT,"6570,6550",6570.0,,,,True,False,False,True,telegram_data/messages3.html,,,,,,,,,,,,,,,,
31213,09.03.2026 16:23:10 UTC+03:00,2026-03-09 09:23:10,2026-03-09,09:23,9,23,Monday,True,photos/photo_22349@09-03-2026_16-23-10.jpg,#US500 ⚡️ تجاوز 6700-6710 انفجار 💥CALL✅,SPX_CALL_ALERT,"6700,6710",6700.0,,,,False,False,False,False,telegram_data/messages3.html,666.13,6661.3,-0.581,-38.7,False,6700.0,O:SPXW260309C06700000,25.92,94.2,108.0,5.1,316.7,-80.3,True,True,374.8333333333333
31214,09.03.2026 16:47:02 UTC+03:00,2026-03-09 09:47:02,2026-03-09,09:47,9,47,Monday,True,photos/photo_22350@09-03-2026_16-47-02.jpg,$SPX CALL HERO⚡️ STOP 🛑 6620-6600⛔️,SPX_CALL_ALERT,"6620,6600",6620.0,6620.0,,,True,False,False,False,telegram_data/messages3.html,664.62,6646.2,0.394,26.2,True,6620.0,O:SPXW260309C06620000,51.8,175.57,175.57,35.7,238.9,-31.1,True,False,346.96666666666664
31230,10.03.2026 14:17:57 UTC+03:00,2026-03-10 07:17:57,2026-03-10,07:17,7,17,Tuesday,True,photos/photo_22357@10-03-2026_14-17-57.jpg,#US500 ⚡️4H ( PUT HERO)❤️,SPX_PUT_HERO,,,,,,True,False,False,False,telegram_data/messages3.html,,,,,,,,,,,,,,,,
31257,10.03.2026 16:49:30 UTC+03:00,2026-03-10 09:49:30,2026-03-10,09:49,9,49,Tuesday,True,photos/photo_22375@10-03-2026_16-49-30.jpg,$SPX PUT HERO⚡️ كسر نقطة 6770-6760❤️ مناطق رفض 6820-6845⛔️,SPX_PUT_HERO,"6770,6760,6820,6845",6770.0,,,,True,False,False,False,telegram_data/messages3.html,677.29,6772.9,0.043,2.9,True,6770.0,O:SPXW260310P06770000,16.4,0.03,28.15,0.03,71.6,-99.8,True,True,19.5
31261,10.03.2026 18:23:19 UTC+03:00,2026-03-10 11:23:19,2026-03-10,11:23,11,23,Tuesday,True,photos/photo_22378@10-03-2026_18-23-19.jpg,$SPX !!! PUT HERO⚡️ مناسب للمضارب أدنى 6845⛔️ مخاطره عاليه ويفضل كسر ⬇️ 6815-6800❤️💰,SPX_PUT_HERO,"6845,6815,6800",6845.0,,6845.0,,True,False,False,True,telegram_data/messages3.html,681.24,6812.4,-0.479,-32.6,False,6845.0,O:SPXW260310P06845000,28.0,66.75,69.56,10.3,148.4,-63.2,True,True,272.68333333333334
31296,11.03.2026 03:35:45 UTC+03:00,2026-03-10 20:35:45,2026-03-10,20:35,20,35,Tuesday,True,photos/photo_22401@11-03-2026_03-35-45.jpg,#US500 ⚡️PUT HERO ! شموع 4 ساعات⛔️!!!!,SPX_PUT_HERO,,,,,,True,False,False,False,telegram_data/messages3.html,,,,,,,,,,,,,,,,
31325,11.03.2026 16:49:07 UTC+03:00,2026-03-11 09:49:07,2026-03-11,09:49,9,49,Wednesday,True,photos/photo_22411@11-03-2026_16-49-07.jpg,$SPX PUT HERO⚡️ مناسب ادنى 6820-6800⛔️,SPX_PUT_HERO,"6820,6800",6820.0,,6820.0,,True,False,False,False,telegram_data/messages3.html,676.69,6766.900000000001,-0.785,-53.1,False,6820.0,O:SPXW260311P06820000,50.27,46.23,74.43,26.5,48.1,-47.3,False,True,228.88333333333333
31333,11.03.2026 20:09:47 UTC+03:00,2026-03-11 13:09:47,2026-03-11,13:09,13,9,Wednesday,True,photos/photo_22418@11-03-2026_20-09-47.jpg,$SPX PUT HERO⚡️,SPX_PUT_HERO,,,,,,True,False,False,False,telegram_data/messages3.html,,,,,,,,,,,,,,,,
31337,11.03.2026 22:41:25 UTC+03:00,2026-03-11 15:41:25,2026-03-11,15:41,15,41,Wednesday,True,photos/photo_22422@11-03-2026_22-41-25.jpg,$SPX PUT HERO⚡️,SPX_PUT_HERO,,,,,,True,False,False,False,telegram_data/messages3.html,,,,,,,,,,,,,,,,
31377,12.03.2026 16:51:30 UTC+03:00,2026-03-12 09:51:30,2026-03-12,09:51,9,51,Thursday,True,photos/photo_22443@12-03-2026_16-51-30.jpg,$SPX !!!!! اغلاق ساعة ادنى 6693 يكمل هبوط🩸 أعلاها مضاربي CALL🔥 تجاوز نقطة 6735 سريع الكول✅,SPX_CALL_ALERT,"6693,6735",6693.0,,6693.0,,False,True,False,True,telegram_data/messages3.html,670.19,6701.900000000001,0.133,8.9,True,,,,,,,,,,,
31383,12.03.2026 17:40:10 UTC+03:00,2026-03-12 10:40:10,2026-03-12,10:40,10,40,Thursday,True,photos/photo_22447@12-03-2026_17-40-10.jpg,$SPX CALL HERO!!⚡️ STOP 🛑 6680-6670 ( اغلاق ساعة  ) نشوف اغلاق الساعة القـادمة,SPX_CALL_ALERT,"6680,6670",6680.0,6680.0,,,True,True,False,False,telegram_data/messages3.html,667.925,6679.25,-0.011,-0.8,False,6680.0,O:SPXW260312C06680000,26.8,0.05,48.39,0.02,80.6,-99.9,True,True,101.83333333333333
31387,12.03.2026 22:49:02 UTC+03:00,2026-03-12 15:49:02,2026-03-12,15:49,15,49,Thursday,True,photos/photo_22450@12-03-2026_22-49-02.jpg,$SPX ⚡️CALL HERO!⚡️ بشرط المحافظة على 6670⛔️ وممنـــوع الإغلاق أدناها🚨,SPX_CALL_ALERT,6670,6670.0,,,,True,False,False,False,telegram_data/messages3.html,666.72,6667.200000000001,-0.042,-2.8,False,6670.0,O:SPXW260312C06670000,9.9,2.75,11.4,1.5,15.2,-84.8,False,True,5.966666666666667
31396,13.03.2026 12:20:19 UTC+03:00,2026-03-13 05:20:19,2026-03-13,05:20,5,20,Friday,True,photos/photo_22457@13-03-2026_12-20-19.jpg,#US500 ⚡️ ثبات أعلى 6680-6700 (CALL)✅🔥 دعوم جيده ⛔️6615-6635⛔️,SPX_CALL_ALERT,"6680,6700,6615,6635",6680.0,,,6680.0,False,False,False,False,telegram_data/messages3.html,666.28,6662.799999999999,-0.258,-17.2,False,6680.0,O:SPXW260313C06680000,45.0,0.04,58.36,0.02,29.7,-100.0,False,True,265.68333333333334
31411,13.03.2026 18:40:25 UTC+03:00,2026-03-13 11:40:25,2026-03-13,11:40,11,40,Friday,True,photos/photo_22470@13-03-2026_18-40-25.jpg,$SPX CALL HERO⚡️ مناطق ارتداد 6635-6640⛔️ ممنوع كسرها ومناسب للمضارب🔥,SPX_CALL_ALERT,"6635,6640",6635.0,,,,True,False,False,True,telegram_data/messages3.html,664.47,6644.700000000001,0.146,9.7,True,6635.0,O:SPXW260313C06635000,27.5,0.05,35.4,0.03,28.7,-99.9,False,True,6.583333333333333
31412,13.03.2026 18:48:53 UTC+03:00,2026-03-13 11:48:53,2026-03-13,11:48,11,48,Friday,True,photos/photo_22471@13-03-2026_18-48-53.jpg,#US500 ⚡️ CALL HERO⚡️ الوقف ساعة أدنى 6635❌,SPX_CALL_ALERT,6635,6635.0,,6635.0,,True,False,False,False,telegram_data/messages3.html,664.34,6643.400000000001,0.126,8.4,True,6635.0,O:SPXW260313C06635000,30.0,0.05,32.31,0.03,7.7,-99.9,False,True,23.116666666666667
31431,16.03.2026 17:24:22 UTC+03:00,2026-03-16 10:24:22,2026-03-16,10:24,10,24,Monday,True,photos/photo_22483@16-03-2026_17-24-22.jpg,$SPX PUT⚡️STOP: 6735❌1H,SPX_PUT_ALERT,6735,6735.0,,,,False,True,False,False,telegram_data/messages3.html,670.995,6709.95,-0.373,-25.1,False,6735.0,O:SPXW260316P06735000,26.33,40.7,54.05,12.2,105.3,-53.7,True,True,121.63333333333334
31441,16.03.2026 21:54:42 UTC+03:00,2026-03-16 14:54:42,2026-03-16,14:54,14,54,Monday,True,photos/photo_22491@16-03-2026_21-54-42.jpg,$SPX PUT HERO⚡️,SPX_PUT_HERO,,,,,,True,False,False,False,telegram_data/messages3.html,,,,,,,,,,,,,,,,
31461,17.03.2026 16:45:06 UTC+03:00,2026-03-17 09:45:06,2026-03-17,09:45,9,45,Tuesday,True,photos/photo_22507@17-03-2026_16-45-06.jpg,$SPX ( PUT HERO⚡️) STOP 🛑 6768-6755 ❌ 1H,SPX_PUT_HERO,"6768,6755",6768.0,6768.0,,,True,True,False,False,telegram_data/messages3.html,673.93,6739.299999999999,-0.426,-28.7,False,,,,,,,,,,,
31489,17.03.2026 19:28:32 UTC+03:00,2026-03-17 12:28:32,2026-03-17,12:28,12,28,Tuesday,True,photos/photo_22529@17-03-2026_19-28-32.jpg,$SPX PUT HERO⚡️ أدنى 6735-6730 ( ضارب بوت )❤️ كسر نقاط 6710-6700 دبلات💰🐻,SPX_PUT_HERO,"6735,6730,6710,6700",6735.0,,6735.0,,True,False,False,False,telegram_data/messages3.html,671.21,6712.1,-0.341,-22.9,False,6735.0,O:SPXW260317P06735000,17.98,17.5,21.52,7.6,19.7,-57.7,False,True,5.466666666666667
31495,17.03.2026 20:11:44 UTC+03:00,2026-03-17 13:11:44,2026-03-17,13:11,13,11,Tuesday,True,photos/photo_22534@17-03-2026_20-11-44.jpg,$SPX (W) PUT HERO ! اليوم⚡️,SPX_PUT_HERO,,,,,,True,False,False,False,telegram_data/messages3.html,,,,,,,,,,,,,,,,
31496,17.03.2026 20:11:44 UTC+03:00,2026-03-17 13:11:44,2026-03-17,13:11,13,11,Tuesday,True,photos/photo_22535@17-03-2026_20-11-44.jpg,$SPX (W) PUT HERO ! اليوم⚡️,SPX_PUT_HERO,,,,,,True,False,False,False,telegram_data/messages3.html,,,,,,,,,,,,,,,,
31502,17.03.2026 20:43:28 UTC+03:00,2026-03-17 13:43:28,2026-03-17,13:43,13,43,Tuesday,True,photos/photo_22541@17-03-2026_20-43-28.jpg,$SPX (W) PUT HERO ! اليوم⚡️,SPX_PUT_HERO,,,,,,True,False,False,False,telegram_data/messages3.html,,,,,,,,,,,,,,,,
31510,17.03.2026 21:22:51 UTC+03:00,2026-03-17 14:22:51,2026-03-17,14:22,14,22,Tuesday,True,photos/photo_22547@17-03-2026_21-22-51.jpg,$SPX ⚡️ PUT HERO💰 STOP 🛑 6735 ❌ 15m Closing,SPX_PUT_HERO,6735,6735.0,6735.0,,,True,False,False,False,telegram_data/messages3.html,671.34,6713.400000000001,-0.322,-21.6,False,6735.0,O:SPXW260317P06735000,14.06,17.5,20.23,11.0,43.9,-21.8,False,False,94.15
31521,18.03.2026 17:10:06 UTC+03:00,2026-03-18 10:10:06,2026-03-18,10:10,10,10,Wednesday,True,photos/photo_22552@18-03-2026_17-10-06.jpg,$SPX ⚡️ اغلاق ربع ساعة اعلى 6715 CALL💚 اغلاق ربع ساعة ادنى 6680 PUT❤️ بشكل عام المحور عندنا 6735⛔️ أعلاها يكون صعود قوي🔥🐂 ادناها مازال سلبي جداً 🩸🐻,SPX_PUT_ALERT,"6715,6680,6735",6715.0,,6680.0,6715.0,False,False,False,False,telegram_data/messages3.html,668.24,6682.4,-0.488,-32.6,False,6715.0,O:SPXW260318P06715000,35.6,87.25,87.53,34.7,145.9,-2.5,True,False,334.9
31527,18.03.2026 21:08:46 UTC+03:00,2026-03-18 14:08:46,2026-03-18,14:08,14,8,Wednesday,True,photos/photo_22557@18-03-2026_21-08-46.jpg,$SPX PUT HERO⚡️,SPX_PUT_HERO,,,,,,True,False,False,False,telegram_data/messages3.html,,,,,,,,,,,,,,,,
31577,19.03.2026 17:31:53 UTC+03:00,2026-03-19 10:31:53,2026-03-19,10:31,10,31,Thursday,True,photos/photo_22602@19-03-2026_17-31-53.jpg,$SPX CALL HERO ⚡️ STOP 🛑 6555-6550❌,SPX_CALL_ALERT,"6555,6550",6555.0,6555.0,,,True,False,False,False,telegram_data/messages3.html,657.74,6577.4,0.341,22.4,True,6555.0,O:SPXW260319C06555000,39.95,52.9,80.27,18.3,100.9,-54.2,True,True,275.1166666666667
31628,20.03.2026 20:53:55 UTC+03:00,2026-03-20 13:53:55,2026-03-20,13:53,13,53,Friday,True,photos/photo_22647@20-03-2026_20-53-55.jpg,$SPX CALL HERO⚡️ STOP 🛑 6525❌ مخاطرة ⚠️ عالية جداً ومن أرباحك💰,SPX_CALL_ALERT,6525,6525.0,6525.0,,,True,False,False,False,telegram_data/messages3.html,651.342,6513.42,-0.178,-11.6,False,6525.0,O:SPXW260320C06525000,20.3,0.03,21.92,0.02,8.0,-99.9,False,True,6.083333333333333
31677,23.03.2026 04:44:40 UTC+03:00,2026-03-22 21:44:40,2026-03-22,21:44,21,44,Sunday,True,photos/photo_22670@23-03-2026_04-44-40.jpg,#US500 ⚡️ #تحديث ⚡️ ضارب PUT ادنى 6540-6525⛔️ بدون كميات والعقود متضخمه🔥,SPX_PUT_ALERT,"6540,6525",6540.0,,6540.0,,False,False,False,False,telegram_data/messages3.html,,,,,,,,,,,,,,,,
31683,23.03.2026 11:39:43 UTC+03:00,2026-03-23 04:39:43,2026-03-23,04:39,4,39,Monday,True,photos/photo_22673@23-03-2026_11-39-43.jpg,#US500 ⚡️ #تحديث ⚡️ ضارب PUT ادنى 6525-6510⛔️ بدون كميات والعقود متضخمه🔥,SPX_PUT_ALERT,"6525,6510",6525.0,,6525.0,,False,False,False,False,telegram_data/messages3.html,644.5,6445.0,-1.241,-80.0,False,6525.0,O:SPXW260323P06525000,9.3,0.03,10.8,0.03,16.1,-99.7,False,True,290.28333333333336
31709,23.03.2026 17:31:02 UTC+03:00,2026-03-23 10:31:02,2026-03-23,10:31,10,31,Monday,True,photos/photo_22694@23-03-2026_17-31-02.jpg,$SPX PUT HERO⚡️ STOP 🛑 6665-6655❌ للمضارب ادنى هالنقاط ⚡️ اي عوده بكسر 6620-6610 جميل❤️,SPX_PUT_HERO,"6665,6655,6620,6610",6665.0,6665.0,,,True,False,False,True,telegram_data/messages3.html,660.6,6606.0,-0.893,-59.0,False,6665.0,O:SPXW260323P06665000,36.81,64.41,99.87,21.95,171.3,-40.4,True,True,117.96666666666667
31734,23.03.2026 21:18:12 UTC+03:00,2026-03-23 14:18:12,2026-03-23,14:18,14,18,Monday,True,photos/photo_22713@23-03-2026_21-18-12.jpg,SPX(W) PUT HERO(⚡️اليوم مضاربي),SPX_PUT_HERO,,,,,,True,False,False,True,telegram_data/messages3.html,,,,,,,,,,,,,,,,
31736,23.03.2026 21:18:31 UTC+03:00,2026-03-23 14:18:31,2026-03-23,14:18,14,18,Monday,True,photos/photo_22715@23-03-2026_21-18-31.jpg,SPX(W) PUT HERO(⚡️اليوم مضاربي),SPX_PUT_HERO,,,,,,True,False,False,True,telegram_data/messages3.html,,,,,,,,,,,,,,,,
31738,23.03.2026 21:18:45 UTC+03:00,2026-03-23 14:18:45,2026-03-23,14:18,14,18,Monday,True,photos/photo_22717@23-03-2026_21-18-45.jpg,SPX(W) PUT HERO(⚡️اليوم مضاربي),SPX_PUT_HERO,,,,,,True,False,False,True,telegram_data/messages3.html,,,,,,,,,,,,,,,,
31768,24.03.2026 18:32:53 UTC+03:00,2026-03-24 11:32:53,2026-03-24,11:32,11,32,Tuesday,True,photos/photo_22738@24-03-2026_18-32-53.jpg,$SPX CALL HERO⚡️ ممنوع يكسر 6500-6510❌,SPX_CALL_ALERT,"6500,6510",6500.0,,,,True,False,False,False,telegram_data/messages3.html,655.345,6553.450000000001,0.816,53.5,True,6500.0,O:SPXW260324C06500000,87.0,55.82,95.12,51.5,9.3,-40.8,False,True,19.116666666666667
31807,25.03.2026 17:03:02 UTC+03:00,2026-03-25 10:03:02,2026-03-25,10:03,10,3,Wednesday,True,photos/photo_22761@25-03-2026_17-03-02.jpg,#US500 ⚡️ $SPX CALL HERO !!!⚡️ يفشل اغلاق ادنى 6555-6570⛔️ فاصل 15 د,SPX_CALL_ALERT,"6555,6570",6555.0,,6555.0,,True,False,False,False,telegram_data/messages3.html,656.83,6568.3,0.202,13.3,True,6555.0,O:SPXW260325C06555000,51.19,36.5,65.15,28.23,27.3,-44.9,False,True,219.96666666666667
31815,25.03.2026 20:38:29 UTC+03:00,2026-03-25 13:38:29,2026-03-25,13:38,13,38,Wednesday,True,photos/photo_22766@25-03-2026_20-38-29.jpg,$SPX ⚡️ تجاوز 6613 ينفجر call💚🔥💰,SPX_CALL_ALERT,6613,6613.0,,,,False,False,False,False,telegram_data/messages3.html,658.43,6584.299999999999,-0.436,-28.7,False,,,,,,,,,,,
31841,26.03.2026 18:00:26 UTC+03:00,2026-03-26 11:00:26,2026-03-26,11:00,11,0,Thursday,True,photos/photo_22787@26-03-2026_18-00-26.jpg,$SPX CALL HERO⚡️ STOP 🛑 6520 ❌ 15m,SPX_CALL_ALERT,6520,6520.0,6520.0,,,True,False,False,False,telegram_data/messages3.html,652.4,6524.0,0.061,4.0,True,6520.0,O:SPXW260326C06520000,34.03,0.04,40.0,0.03,17.5,-99.9,False,True,4.566666666666666
31844,26.03.2026 19:59:56 UTC+03:00,2026-03-26 12:59:56,2026-03-26,12:59,12,59,Thursday,True,photos/photo_22790@26-03-2026_19-59-56.jpg,$SPX CALL HERO⚡️ قابل للارتداد بشرط ⬇️ مناطق المحافظة 6470-6500⛔️,SPX_CALL_ALERT,"6470,6500",6470.0,,,,True,False,False,False,telegram_data/messages3.html,650.0299,6500.299,0.466,30.3,True,6470.0,O:SPXW260326C06470000,55.09,7.6,56.47,3.8,2.5,-93.1,False,True,1.0666666666666667
31877,27.03.2026 21:19:25 UTC+03:00,2026-03-27 14:19:25,2026-03-27,14:19,14,19,Friday,True,photos/photo_22810@27-03-2026_21-19-25.jpg,$SPX CALL HERO⚡️ STOP 🛑 6360-6370⛔️,SPX_CALL_ALERT,"6360,6370",6360.0,6360.0,,,True,False,False,False,telegram_data/messages3.html,636.105,6361.05,0.017,1.1,True,6360.0,O:SPXW260327C06360000,29.8,10.6,33.77,1.1,13.3,-96.3,False,True,23.583333333333332
31896,30.03.2026 10:05:19 UTC+03:00,2026-03-30 03:05:19,2026-03-30,03:05,3,5,Monday,True,photos/photo_22821@30-03-2026_10-05-19.jpg,#US500 ⚡️ #تحديث ⚡️ CALL | 30-MAR⚡️ STOP 🛑 6306-6300⛔️ https://www.tradingview.com/symbols/CAPITALCOM-US500/?utm_source=iosapp&utm_medium=share,SPX_CALL_ALERT,"6306,6300",6306.0,6306.0,,,False,False,False,False,telegram_data/messages3.html,,,,,,,,,,,,,,,,
31905,30.03.2026 17:23:27 UTC+03:00,2026-03-30 10:23:27,2026-03-30,10:23,10,23,Monday,True,photos/photo_22828@30-03-2026_17-23-27.jpg,$SPX ! CALL ⚡️ ⛔️دعوم ( 6360-6330 )⛔️ المحافظة عليها جيد للارتداد🟢 المهم العوده اعلى 6400 ممتاز 💰 خليك مضاربي واستفيد ⚡️,SPX_CALL_ALERT,"6360,6330,6400",6360.0,,,6400.0,False,False,False,True,telegram_data/messages3.html,636.28,6362.799999999999,0.044,2.8,True,6360.0,O:SPXW260330C06360000,38.8,0.05,53.26,0.02,37.3,-99.9,False,True,41.55
31961,31.03.2026 20:07:37 UTC+03:00,2026-03-31 13:07:37,2026-03-31,13:07,13,7,Tuesday,True,photos/photo_22861@31-03-2026_20-07-37.jpg,$SPX PUT HERO ⚡️ STOP 🛑 6528-6535 ⛔️,SPX_PUT_HERO,"6528,6535",6528.0,6528.0,,,True,False,False,False,telegram_data/messages3.html,647.56,6475.599999999999,-0.809,-52.4,False,,,,,,,,,,,
31991,31.03.2026 22:56:45 UTC+03:00,2026-03-31 15:56:45,2026-03-31,15:56,15,56,Tuesday,True,photos/photo_22890@31-03-2026_22-56-45.jpg,$SPX #تحديث ⚡️ PUT HERO⚡️ STOP 🛑 6550  ( يفشل اغلاق ساعة ) بشكل عام ادنى 6535-6545 ❤️,SPX_PUT_HERO,"6550,6535,6545",6550.0,6550.0,6535.0,,True,True,False,False,telegram_data/messages4.html,649.92,6499.2,-0.782,-50.8,False,6550.0,O:SPXW260331P06550000,25.2,22.4,30.07,19.1,19.3,-24.2,False,False,0.25
32006,01.04.2026 19:37:38 UTC+03:00,2026-04-01 12:37:38,2026-04-01,12:37,12,37,Wednesday,True,photos/photo_22898@01-04-2026_19-37-38.jpg,$SPX PUT HERO ⚡️ STOP 🛑 6635-6615⛔️,SPX_PUT_HERO,"6635,6615",6635.0,6635.0,,,True,False,False,False,telegram_data/messages4.html,657.67,6576.7,-0.886,-58.3,False,6635.0,O:SPXW260401P06635000,34.7,58.9,70.83,26.9,104.1,-22.5,True,False,107.36666666666666
32017,02.04.2026 04:56:25 UTC+03:00,2026-04-01 21:56:25,2026-04-01,21:56,21,56,Wednesday,True,photos/photo_22903@02-04-2026_04-56-25.jpg,$SPX (W) PUT HERO⚡️ اليوم,SPX_PUT_HERO,,,,,,True,False,False,False,telegram_data/messages4.html,,,,,,,,,,,,,,,,
32019,02.04.2026 04:56:35 UTC+03:00,2026-04-01 21:56:35,2026-04-01,21:56,21,56,Wednesday,True,photos/photo_22905@02-04-2026_04-56-35.jpg,$SPX (W) PUT HERO⚡️ اليوم,SPX_PUT_HERO,,,,,,True,False,False,False,telegram_data/messages4.html,,,,,,,,,,,,,,,,
32021,02.04.2026 04:56:41 UTC+03:00,2026-04-01 21:56:41,2026-04-01,21:56,21,56,Wednesday,True,photos/photo_22907@02-04-2026_04-56-41.jpg,$SPX (W) PUT HERO⚡️ اليوم,SPX_PUT_HERO,,,,,,True,False,False,False,telegram_data/messages4.html,,,,,,,,,,,,,,,,
32059,02.04.2026 17:50:25 UTC+03:00,2026-04-02 10:50:25,2026-04-02,10:50,10,50,Thursday,True,photos/photo_22937@02-04-2026_17-50-25.jpg,$SPX ⚡️ #US500 ⚡️ #تحديث ⬇️ شخصياً بوت ( PUT )❤️ مناسب ادنى 6615 ❤️ قرارك دائماً ⚡️,SPX_PUT_ALERT,6615,6615.0,,6615.0,,False,False,False,False,telegram_data/messages4.html,653.8225,6538.225,-1.174,-76.8,False,6615.0,O:SPXW260402P06615000,60.65,33.9,67.6,32.3,11.5,-46.7,False,True,89.58333333333333
32064,02.04.2026 20:46:47 UTC+03:00,2026-04-02 13:46:47,2026-04-02,13:46,13,46,Thursday,True,photos/photo_22940@02-04-2026_20-46-47.jpg,$SPX PUT HERO❤️💰⚡️,SPX_PUT_HERO,,,,,,True,False,False,False,telegram_data/messages4.html,,,,,,,,,,,,,,,,
32095,02.04.2026 22:16:41 UTC+03:00,2026-04-02 15:16:41,2026-04-02,15:16,15,16,Thursday,True,photos/photo_22969@02-04-2026_22-16-41.jpg,$SPX PUT HERO⚡️ مناسب البوت ادنى 6585-6580❤️,SPX_PUT_HERO,"6585,6580",6585.0,,6585.0,,True,False,False,False,telegram_data/messages4.html,654.45,6544.5,-0.619,-40.5,False,6585.0,O:SPXW260402P06585000,16.7,3.0,20.1,1.75,20.4,-89.5,False,True,11.316666666666666
32142,06.04.2026 04:56:32 UTC+03:00,2026-04-05 21:56:32,2026-04-05,21:56,21,56,Sunday,True,photos/photo_22975@06-04-2026_04-56-32.jpg,#US500 ⚡️ PUT HERO⚡️ ⛔️مناسب أدنى 6610-6593⛔️,SPX_PUT_HERO,"6610,6593",6610.0,,6610.0,,True,False,False,False,telegram_data/messages4.html,,,,,,,,,,,,,,,,
32170,07.04.2026 20:38:45 UTC+03:00,2026-04-07 13:38:45,2026-04-07,13:38,13,38,Tuesday,True,photos/photo_22986@07-04-2026_20-38-45.jpg,$SPX PUT⚡️ ⛔️مناطق رفض 6610-6620⛔️,SPX_PUT_ALERT,"6610,6620",6610.0,,,,False,False,False,False,telegram_data/messages4.html,657.44,6574.400000000001,-0.541,-35.6,False,6610.0,O:SPXW260407P06610000,18.0,0.05,52.2,0.03,190.0,-99.8,True,True,76.25
32192,08.04.2026 18:23:34 UTC+03:00,2026-04-08 11:23:34,2026-04-08,11:23,11,23,Wednesday,True,photos/photo_23002@08-04-2026_18-23-34.jpg,$SPX ⚡️ #تحديث ⚡️ سحبنا البوت من وين!! نزول -57 نقطة💰 هنا نقطة الدعم⛔️ 6740⛔️ كسرها باغلاق ربع ساعة سوف يكون ضغط سلبي📈 نستهدف 6720-6700-6670🎯 وبعدين المؤشر صعد 170+✅ انت صاحي تاخذ كول (call)!!!!!!!! ؟,SPX_CALL_ALERT,"6740,6720,6700,6670",6740.0,,,,False,False,False,False,telegram_data/messages4.html,673.52,6735.2,-0.071,-4.8,False,6740.0,O:SPXW260408C06740000,26.5,39.05,50.6,16.94,90.9,-36.1,True,False,172.43333333333334
32215,08.04.2026 20:51:24 UTC+03:00,2026-04-08 13:51:24,2026-04-08,13:51,13,51,Wednesday,True,photos/photo_23025@08-04-2026_20-51-24.jpg,$SPX PUT HERO⚡️ ⛔️مستويات 6835-6810⛔️ درجــــــــات الحــــــــــذر⚡️,SPX_PUT_HERO,"6835,6810",6835.0,,,,True,False,False,False,telegram_data/messages4.html,675.61,6756.1,-1.168,-78.9,False,6830.0,O:SPXW260408P06830000,49.67,50.04,76.05,40.92,53.1,-17.6,True,False,68.6
32228,09.04.2026 16:24:08 UTC+03:00,2026-04-09 09:24:08,2026-04-09,09:24,9,24,Thursday,True,photos/photo_23030@09-04-2026_16-24-08.jpg,$SPX #تحديث ⚡️ نتـابع مناطق الرفض 6800-6820⛔️ ادناها شخصياً مضارب بوت❤️PUT!,SPX_PUT_ALERT,"6800,6820",6800.0,,,,False,False,False,True,telegram_data/messages4.html,674.22,6742.200000000001,-0.857,-57.8,False,6800.0,O:SPXW260409P06800000,33.79,0.05,39.5,0.02,16.9,-99.9,False,True,68.86666666666666
32234,09.04.2026 19:05:29 UTC+03:00,2026-04-09 12:05:29,2026-04-09,12:05,12,5,Thursday,True,photos/photo_23032@09-04-2026_19-05-29.jpg,$SPX PUT HERO⚡️ STOP 🛑 6845 ( اغلاق يومي )⛔️,SPX_PUT_HERO,6845,6845.0,6845.0,,,True,False,True,False,telegram_data/messages4.html,679.85,6798.5,-0.684,-46.5,False,6840.0,O:SPXW260409P06840000,24.4,14.76,31.0,9.3,27.0,-61.9,False,True,148.51666666666668
32268,11.04.2026 09:53:29 UTC+03:00,2026-04-11 02:53:29,2026-04-11,02:53,2,53,Saturday,True,photos/photo_23047@11-04-2026_09-53-29.jpg,SPX(W) PUT HERO⚡️ مضاربي اليوم,SPX_PUT_HERO,,,,,,True,False,False,True,telegram_data/messages4.html,,,,,,,,,,,,,,,,
32302,13.04.2026 20:01:21 UTC+03:00,2026-04-13 13:01:21,2026-04-13,13:01,13,1,Monday,True,photos/photo_23062@13-04-2026_20-01-21.jpg,$SPX PUT ⚡️ STOP 🛑 6855 ❌,SPX_PUT_ALERT,6855,6855.0,6855.0,,,False,False,False,False,telegram_data/messages4.html,682.35,6823.5,-0.462,-31.5,False,6855.0,O:SPXW260413P06855000,11.66,0.03,14.3,0.03,22.6,-99.7,False,True,48.65
32313,14.04.2026 18:17:40 UTC+03:00,2026-04-14 11:17:40,2026-04-14,11:17,11,17,Tuesday,True,photos/photo_23069@14-04-2026_18-17-40.jpg,$SPX PUT HERO⚡️ مناسب ادنى 6955-6945⛔️,SPX_PUT_HERO,"6955,6945",6955.0,,6955.0,,True,False,False,False,telegram_data/messages4.html,691.2801,6912.8009999999995,-0.61,-42.2,False,6955.0,O:SPXW260414P06955000,21.0,0.03,21.0,0.03,0.0,-99.9,False,True,0.3333333333333333
32325,14.04.2026 20:00:31 UTC+03:00,2026-04-14 13:00:31,2026-04-14,13:00,13,0,Tuesday,True,photos/photo_23080@14-04-2026_20-00-31.jpg,$SPX (W) PUT HERO⚡️ اليوم,SPX_PUT_HERO,,,,,,True,False,False,False,telegram_data/messages4.html,,,,,,,,,,,,,,,,
32326,14.04.2026 20:00:32 UTC+03:00,2026-04-14 13:00:32,2026-04-14,13:00,13,0,Tuesday,True,photos/photo_23081@14-04-2026_20-00-32.jpg,$SPX (W) PUT HERO⚡️ اليوم,SPX_PUT_HERO,,,,,,True,False,False,False,telegram_data/messages4.html,,,,,,,,,,,,,,,,
32327,14.04.2026 20:00:32 UTC+03:00,2026-04-14 13:00:32,2026-04-14,13:00,13,0,Tuesday,True,photos/photo_23082@14-04-2026_20-00-32.jpg,$SPX (W) PUT HERO⚡️ اليوم,SPX_PUT_HERO,,,,,,True,False,False,False,telegram_data/messages4.html,,,,,,,,,,,,,,,,
32335,14.04.2026 22:19:24 UTC+03:00,2026-04-14 15:19:24,2026-04-14,15:19,15,19,Tuesday,True,photos/photo_23089@14-04-2026_22-19-24.jpg,$SPX (W) PUT HERO⚡️,SPX_PUT_HERO,,,,,,True,False,False,False,telegram_data/messages4.html,,,,,,,,,,,,,,,,
32336,14.04.2026 22:19:24 UTC+03:00,2026-04-14 15:19:24,2026-04-14,15:19,15,19,Tuesday,True,photos/photo_23090@14-04-2026_22-19-24.jpg,$SPX (W) PUT HERO⚡️,SPX_PUT_HERO,,,,,,True,False,False,False,telegram_data/messages4.html,,,,,,,,,,,,,,,,
32340,14.04.2026 22:41:55 UTC+03:00,2026-04-14 15:41:55,2026-04-14,15:41,15,41,Tuesday,True,photos/photo_23092@14-04-2026_22-41-55.jpg,$SPX !!!⚡️PUT TOMORROW ⚡️ 🚨مناطق الرفض 7000-6986🚨 الكول خطير من هالمناطق ⛔️,SPX_PUT_ALERT,"7000,6986",7000.0,,,,False,False,False,False,telegram_data/messages4.html,693.915,6939.15,-0.877,-60.9,False,7000.0,O:SPXW260414P07000000,37.3,34.6,37.3,33.5,0.0,-10.2,False,False,1.0833333333333333
32357,15.04.2026 19:42:04 UTC+03:00,2026-04-15 12:42:04,2026-04-15,12:42,12,42,Wednesday,True,photos/photo_23095@15-04-2026_19-42-04.jpg,$SPX !! PUT HERO⚡️ مناسب للمضارب ادنى 7005-7014 كسر 6985-6980 البوت سريع🩸,SPX_PUT_HERO,"7005,7014,6985,6980",7005.0,,7005.0,,True,False,False,True,telegram_data/messages4.html,696.51,6965.1,-0.573,-39.9,False,7005.0,O:SPXW260415P07005000,18.55,0.03,26.09,0.03,40.6,-99.8,False,True,13.933333333333334
32358,15.04.2026 21:21:06 UTC+03:00,2026-04-15 14:21:06,2026-04-15,14:21,14,21,Wednesday,True,photos/photo_23096@15-04-2026_21-21-06.jpg,$SPX PUT HERO⚡️ STOP 🛑 7015 ❌ 15m,SPX_PUT_HERO,7015,7015.0,7015.0,,,True,False,False,False,telegram_data/messages4.html,698.36,6983.6,-0.45,-31.4,False,7015.0,O:SPXW260415P07015000,10.3,0.03,11.0,0.01,6.8,-99.9,False,True,3.9
32365,16.04.2026 19:33:16 UTC+03:00,2026-04-16 12:33:16,2026-04-16,12:33,12,33,Thursday,True,photos/photo_23100@16-04-2026_19-33-16.jpg,$SPX PUT HERO⚡️ STOP 🛑 7055 ( اغلاق ساعة )⛔️,SPX_PUT_HERO,7055,7055.0,7055.0,,,True,True,False,False,telegram_data/messages4.html,700.45,7004.5,-0.721,-50.5,False,7055.0,O:SPXW260416P07055000,23.7,14.7,35.93,13.7,51.6,-42.2,True,True,114.73333333333333
32388,17.04.2026 18:05:49 UTC+03:00,2026-04-17 11:05:49,2026-04-17,11:05,11,5,Friday,True,photos/photo_23105@17-04-2026_18-05-49.jpg,$SPX !! PUT ⚡️ مناسب البوت بكسر 7120-7110🔥 أعلاها مازال ايجابي ✅,SPX_PUT_ALERT,"7120,7110",7120.0,,,,False,False,False,False,telegram_data/messages4.html,711.13,7111.3,-0.122,-8.7,False,7120.0,O:SPXW260417P07120000,7.3,0.04,15.0,0.03,105.5,-99.6,True,True,138.18333333333334
32440,20.04.2026 17:12:11 UTC+03:00,2026-04-20 10:12:11,2026-04-20,10:12,10,12,Monday,True,photos/photo_23141@20-04-2026_17-12-11.jpg,$SPX !!!⚡️ PUT ⚡️ للمضارب بكسر نقاط 7100-7090❤️,SPX_PUT_ALERT,"7100,7090",7100.0,,,,False,False,False,True,telegram_data/messages4.html,709.08,7090.8,-0.13,-9.2,False,7100.0,O:SPXW260420P07100000,7.4,0.05,23.0,0.02,210.8,-99.7,True,True,38.81666666666667
32533,22.04.2026 18:38:50 UTC+03:00,2026-04-22 11:38:50,2026-04-22,11:38,11,38,Wednesday,True,photos/photo_23219@22-04-2026_18-38-50.jpg,$SPX ⚡️ إذا حاب تضارب PUT ادنى الرفض👌🏻 كسر نقطة 7115-7110 البوت سريع⚡️,SPX_PUT_ALERT,"7115,7110",7115.0,,,,False,False,False,False,telegram_data/messages4.html,709.78,7097.799999999999,-0.242,-17.2,False,7115.0,O:SPXW260422P07115000,8.33,0.05,11.1,0.03,33.3,-99.6,False,True,51.166666666666664
32540,23.04.2026 15:56:32 UTC+03:00,2026-04-23 08:56:32,2026-04-23,08:56,8,56,Thursday,True,photos/photo_23221@23-04-2026_15-56-32.jpg,#US500 ⚡️ #تحديث مناطق رفض 7148-7140⛔️ ادناها ضارب PUT❤️,SPX_PUT_ALERT,"7148,7140",7148.0,,,,False,False,False,False,telegram_data/messages4.html,709.32,7093.200000000001,-0.773,-54.8,False,,,,,,,,,,,
32590,24.04.2026 15:29:45 UTC+03:00,2026-04-24 08:29:45,2026-04-24,08:29,8,29,Friday,True,photos/photo_23262@24-04-2026_15-29-45.jpg,#US500 ⚡️ #تحديث نتـابع اليوم : أدنى 7175 بضارب PUT❤️ نشوف افتتـاح اول نصف ساعة ونحدث📈,SPX_PUT_ALERT,7175,7175.0,,7175.0,,False,False,False,False,telegram_data/messages4.html,,,,,,7175.0,O:SPXW260424P07175000,48.77,,60.0,16.5,23.0,-66.2,False,True,85.25
